-- MySQL dump 10.13  Distrib 8.0.12, for Win64 (x86_64)
--
-- Host: localhost    Database: szbd_projekt
-- ------------------------------------------------------
-- Server version	8.0.12

/*!40101 SET @OLD_CHARACTER_SET_CLIENT=@@CHARACTER_SET_CLIENT */;
/*!40101 SET @OLD_CHARACTER_SET_RESULTS=@@CHARACTER_SET_RESULTS */;
/*!40101 SET @OLD_COLLATION_CONNECTION=@@COLLATION_CONNECTION */;
 SET NAMES utf8 ;
/*!40103 SET @OLD_TIME_ZONE=@@TIME_ZONE */;
/*!40103 SET TIME_ZONE='+00:00' */;
/*!40014 SET @OLD_UNIQUE_CHECKS=@@UNIQUE_CHECKS, UNIQUE_CHECKS=0 */;
/*!40014 SET @OLD_FOREIGN_KEY_CHECKS=@@FOREIGN_KEY_CHECKS, FOREIGN_KEY_CHECKS=0 */;
/*!40101 SET @OLD_SQL_MODE=@@SQL_MODE, SQL_MODE='NO_AUTO_VALUE_ON_ZERO' */;
/*!40111 SET @OLD_SQL_NOTES=@@SQL_NOTES, SQL_NOTES=0 */;

--
-- Table structure for table `actor`
--

DROP TABLE IF EXISTS `actor`;
/*!40101 SET @saved_cs_client     = @@character_set_client */;
 SET character_set_client = utf8mb4 ;
CREATE TABLE `actor` (
  `id_actor` int(11) NOT NULL AUTO_INCREMENT,
  `actor_first_name` varchar(45) NOT NULL,
  `actor_last_name` varchar(45) NOT NULL,
  `date_of_birth` datetime DEFAULT NULL,
  PRIMARY KEY (`id_actor`)
) ENGINE=InnoDB AUTO_INCREMENT=201 DEFAULT CHARSET=utf8;
/*!40101 SET character_set_client = @saved_cs_client */;

--
-- Dumping data for table `actor`
--

LOCK TABLES `actor` WRITE;
/*!40000 ALTER TABLE `actor` DISABLE KEYS */;
INSERT INTO `actor` VALUES (1,'Penelope','Guiness','1978-07-19 00:00:00'),(2,'Nick','Wahlberg','2003-01-08 00:00:00'),(3,'Ed','Chase','2005-05-20 00:00:00'),(4,'Jennifer','Davis','1994-05-22 00:00:00'),(5,'Johnny','Lollobrigida','1989-11-18 00:00:00'),(6,'Bette','Nicholson','1960-03-25 00:00:00'),(7,'Grace','Mostel','1998-10-30 00:00:00'),(8,'Matthew','Johansson','2003-10-23 00:00:00'),(9,'Joe','Swank','2007-02-17 00:00:00'),(10,'Christian','Gable','1996-11-23 00:00:00'),(11,'Zero','Cage','1995-03-11 00:00:00'),(12,'Karl','Berry','1981-09-29 00:00:00'),(13,'Uma','Wood','1980-11-22 00:00:00'),(14,'Vivien','Bergen','1960-09-14 00:00:00'),(15,'Cuba','Olivier','1998-02-05 00:00:00'),(16,'Fred','Costner','1996-10-12 00:00:00'),(17,'Helen','Voight','1990-08-29 00:00:00'),(18,'Dan','Torn','1966-12-19 00:00:00'),(19,'Bob','Fawcett','1969-09-07 00:00:00'),(20,'Lucille','Tracy','1968-08-03 00:00:00'),(21,'Kirsten','Paltrow','1956-12-06 00:00:00'),(22,'Elvis','Marx','1989-10-28 00:00:00'),(23,'Sandra','Kilmer','2001-03-02 00:00:00'),(24,'Cameron','Streep','1991-01-03 00:00:00'),(25,'Kevin','Bloom','1993-06-07 00:00:00'),(26,'Rip','Crawford','2001-04-18 00:00:00'),(27,'Julia','Mcqueen','1977-09-22 00:00:00'),(28,'Woody','Hoffman','1947-12-31 00:00:00'),(29,'Alec','Wayne','1999-07-10 00:00:00'),(30,'Sandra','Peck','1958-01-02 00:00:00'),(31,'Sissy','Sobieski','1995-12-28 00:00:00'),(32,'Tim','Hackman','1997-04-23 00:00:00'),(33,'Milla','Peck','1975-10-24 00:00:00'),(34,'Audrey','Olivier','2010-09-16 00:00:00'),(35,'Judy','Dean','1951-05-03 00:00:00'),(36,'Burt','Dukakis','1984-07-29 00:00:00'),(37,'Val','Bolger','2006-10-15 00:00:00'),(38,'Tom','Mckellen','2005-08-27 00:00:00'),(39,'Goldie','Brody','2003-08-04 00:00:00'),(40,'Johnny','Cage','1999-03-05 00:00:00'),(41,'Jodie','Degeneres','1964-06-07 00:00:00'),(42,'Tom','Miranda','1992-01-08 00:00:00'),(43,'Kirk','Jovovich','1949-05-04 00:00:00'),(44,'Nick','Stallone','1981-05-02 00:00:00'),(45,'Reese','Kilmer','1993-03-26 00:00:00'),(46,'Parker','Goldberg','1980-07-27 00:00:00'),(47,'Julia','Barrymore','1962-06-27 00:00:00'),(48,'Frances','Day-Lewis','1954-12-14 00:00:00'),(49,'Anne','Cronyn','2011-07-26 00:00:00'),(50,'Natalie','Hopkins','1993-12-30 00:00:00'),(51,'Gary','Phoenix','1978-12-26 00:00:00'),(52,'Carmen','Hunt','1960-01-07 00:00:00'),(53,'Mena','Temple','1981-04-12 00:00:00'),(54,'Penelope','Pinkett','2003-03-22 00:00:00'),(55,'Fay','Kilmer','1978-12-14 00:00:00'),(56,'Dan','Harris','1955-02-18 00:00:00'),(57,'Jude','Cruise','1976-04-09 00:00:00'),(58,'Christian','Akroyd','1979-01-08 00:00:00'),(59,'Dustin','Tautou','1971-09-04 00:00:00'),(60,'Henry','Berry','1979-12-02 00:00:00'),(61,'Christian','Neeson','1983-07-05 00:00:00'),(62,'Jayne','Neeson','2003-05-05 00:00:00'),(63,'Cameron','Wray','1995-06-15 00:00:00'),(64,'Ray','Johansson','1991-07-15 00:00:00'),(65,'Angela','Hudson','1998-08-15 00:00:00'),(66,'Mary','Tandy','2007-05-07 00:00:00'),(67,'Jessica','Bailey','1992-09-04 00:00:00'),(68,'Rip','Winslet','1959-12-26 00:00:00'),(69,'Kenneth','Paltrow','1984-04-03 00:00:00'),(70,'Michelle','Mcconaughey','2006-09-21 00:00:00'),(71,'Adam','Grant','1954-01-06 00:00:00'),(72,'Sean','Williams','1983-02-18 00:00:00'),(73,'Gary','Penn','1971-12-06 00:00:00'),(74,'Milla','Keitel','1993-10-28 00:00:00'),(75,'Burt','Posey','1954-03-18 00:00:00'),(76,'Angelina','Astaire','1965-09-11 00:00:00'),(77,'Cary','Mcconaughey','1972-12-23 00:00:00'),(78,'Groucho','Sinatra','1964-12-10 00:00:00'),(79,'Mae','Hoffman','2007-05-14 00:00:00'),(80,'Ralph','Cruz','2000-09-28 00:00:00'),(81,'Scarlett','Damon','1949-03-09 00:00:00'),(82,'Woody','Jolie','1978-11-05 00:00:00'),(83,'Ben','Willis','1958-05-12 00:00:00'),(84,'James','Pitt','2011-06-14 00:00:00'),(85,'Minnie','Zellweger','1980-11-13 00:00:00'),(86,'Greg','Chaplin','1970-09-23 00:00:00'),(87,'Spencer','Peck','2001-07-21 00:00:00'),(88,'Kenneth','Pesci','1965-01-06 00:00:00'),(89,'Charlize','Dench','2011-01-01 00:00:00'),(90,'Sean','Guiness','1998-11-05 00:00:00'),(91,'Christopher','Berry','1951-06-30 00:00:00'),(92,'Kirsten','Akroyd','1958-03-03 00:00:00'),(93,'Ellen','Presley','1977-04-28 00:00:00'),(94,'Kenneth','Torn','1947-11-19 00:00:00'),(95,'Daryl','Wahlberg','1971-07-07 00:00:00'),(96,'Gene','Willis','1980-10-25 00:00:00'),(97,'Meg','Hawke','1984-11-12 00:00:00'),(98,'Chris','Bridges','1973-03-05 00:00:00'),(99,'Jim','Mostel','1964-07-03 00:00:00'),(100,'Spencer','Depp','1957-10-25 00:00:00'),(101,'Susan','Davis','1988-12-08 00:00:00'),(102,'Walter','Torn','1983-05-28 00:00:00'),(103,'Matthew','Leigh','1981-02-03 00:00:00'),(104,'Penelope','Cronyn','1996-04-06 00:00:00'),(105,'Sidney','Crowe','1962-05-03 00:00:00'),(106,'Groucho','Dunst','2002-11-08 00:00:00'),(107,'Gina','Degeneres','2010-11-15 00:00:00'),(108,'Warren','Nolte','1997-04-29 00:00:00'),(109,'Sylvester','Dern','1970-08-06 00:00:00'),(110,'Susan','Davis','1962-03-31 00:00:00'),(111,'Cameron','Zellweger','1975-01-25 00:00:00'),(112,'Russell','Bacall','1961-06-16 00:00:00'),(113,'Morgan','Hopkins','1974-10-16 00:00:00'),(114,'Morgan','Mcdormand','2010-01-14 00:00:00'),(115,'Harrison','Bale','1988-03-26 00:00:00'),(116,'Dan','Streep','1982-09-29 00:00:00'),(117,'Renee','Tracy','1994-10-12 00:00:00'),(118,'Cuba','Allen','1985-09-27 00:00:00'),(119,'Warren','Jackman','1953-12-10 00:00:00'),(120,'Penelope','Monroe','1966-02-06 00:00:00'),(121,'Liza','Bergman','1973-08-03 00:00:00'),(122,'Salma','Nolte','1968-03-19 00:00:00'),(123,'Julianne','Dench','1968-12-18 00:00:00'),(124,'Scarlett','Bening','1976-11-09 00:00:00'),(125,'Albert','Nolte','1972-05-12 00:00:00'),(126,'Frances','Tomei','1948-03-25 00:00:00'),(127,'Kevin','Garland','1975-06-22 00:00:00'),(128,'Cate','Mcqueen','1991-04-11 00:00:00'),(129,'Daryl','Crawford','1950-02-22 00:00:00'),(130,'Greta','Keitel','1986-06-19 00:00:00'),(131,'Jane','Jackman','1996-07-13 00:00:00'),(132,'Adam','Hopper','1967-10-20 00:00:00'),(133,'Richard','Penn','2002-01-16 00:00:00'),(134,'Gene','Hopkins','1981-07-12 00:00:00'),(135,'Rita','Reynolds','2009-09-23 00:00:00'),(136,'Ed','Mansfield','1981-09-10 00:00:00'),(137,'Morgan','Williams','1958-07-19 00:00:00'),(138,'Lucille','Dee','1966-10-07 00:00:00'),(139,'Ewan','Gooding','1953-02-08 00:00:00'),(140,'Whoopi','Hurt','1982-01-02 00:00:00'),(141,'Cate','Harris','1968-02-01 00:00:00'),(142,'Jada','Ryder','1996-11-03 00:00:00'),(143,'River','Dean','1996-07-22 00:00:00'),(144,'Angela','Witherspoon','1958-03-24 00:00:00'),(145,'Kim','Allen','1953-09-26 00:00:00'),(146,'Albert','Johansson','2008-07-16 00:00:00'),(147,'Fay','Winslet','1958-04-28 00:00:00'),(148,'Emily','Dee','1981-03-27 00:00:00'),(149,'Russell','Temple','1974-11-19 00:00:00'),(150,'Jayne','Nolte','1948-06-08 00:00:00'),(151,'Geoffrey','Heston','1958-08-09 00:00:00'),(152,'Ben','Harris','1951-07-01 00:00:00'),(153,'Minnie','Kilmer','1959-11-28 00:00:00'),(154,'Meryl','Gibson','2004-11-15 00:00:00'),(155,'Ian','Tandy','1950-11-26 00:00:00'),(156,'Fay','Wood','1997-07-20 00:00:00'),(157,'Greta','Malden','2002-08-01 00:00:00'),(158,'Vivien','Basinger','1974-11-02 00:00:00'),(159,'Laura','Brody','1995-02-04 00:00:00'),(160,'Chris','Depp','2010-04-18 00:00:00'),(161,'Harvey','Hope','1952-07-15 00:00:00'),(162,'Oprah','Kilmer','1992-07-11 00:00:00'),(163,'Christopher','West','1962-03-06 00:00:00'),(164,'Humphrey','Willis','1955-07-19 00:00:00'),(165,'Al','Garland','2004-10-06 00:00:00'),(166,'Nick','Degeneres','1996-09-28 00:00:00'),(167,'Laurence','Bullock','1992-06-27 00:00:00'),(168,'Will','Wilson','1991-06-18 00:00:00'),(169,'Kenneth','Hoffman','2008-11-15 00:00:00'),(170,'Mena','Hopper','2010-02-03 00:00:00'),(171,'Olympia','Pfeiffer','2008-09-05 00:00:00'),(172,'Groucho','Williams','1960-10-29 00:00:00'),(173,'Alan','Dreyfuss','2002-04-01 00:00:00'),(174,'Michael','Bening','2010-11-23 00:00:00'),(175,'William','Hackman','1968-09-08 00:00:00'),(176,'Jon','Chase','1979-07-14 00:00:00'),(177,'Gene','Mckellen','1979-01-31 00:00:00'),(178,'Lisa','Monroe','1964-08-02 00:00:00'),(179,'Ed','Guiness','1972-02-29 00:00:00'),(180,'Jeff','Silverstone','1992-10-14 00:00:00'),(181,'Matthew','Carrey','1980-04-19 00:00:00'),(182,'Debbie','Akroyd','1995-02-18 00:00:00'),(183,'Russell','Close','1987-04-13 00:00:00'),(184,'Humphrey','Garland','1955-04-10 00:00:00'),(185,'Michael','Bolger','2001-12-05 00:00:00'),(186,'Julia','Zellweger','1968-10-13 00:00:00'),(187,'Renee','Ball','1988-08-08 00:00:00'),(188,'Rock','Dukakis','1963-10-09 00:00:00'),(189,'Cuba','Birch','2003-07-25 00:00:00'),(190,'Audrey','Bailey','1987-06-20 00:00:00'),(191,'Gregory','Gooding','1978-03-28 00:00:00'),(192,'John','Suvari','1987-02-09 00:00:00'),(193,'Burt','Temple','1948-02-12 00:00:00'),(194,'Meryl','Allen','2012-01-10 00:00:00'),(195,'Jayne','Silverstone','1960-11-20 00:00:00'),(196,'Bela','Walken','1957-01-14 00:00:00'),(197,'Reese','West','1952-06-30 00:00:00'),(198,'Mary','Keitel','1993-06-18 00:00:00'),(199,'Julia','Fawcett','1997-11-01 00:00:00'),(200,'Thora','Temple','1991-10-14 00:00:00');
/*!40000 ALTER TABLE `actor` ENABLE KEYS */;
UNLOCK TABLES;

--
-- Table structure for table `adress`
--

DROP TABLE IF EXISTS `adress`;
/*!40101 SET @saved_cs_client     = @@character_set_client */;
 SET character_set_client = utf8mb4 ;
CREATE TABLE `adress` (
  `id_adress` int(11) NOT NULL AUTO_INCREMENT,
  `country` varchar(45) NOT NULL,
  `province` varchar(45) NOT NULL,
  `city` varchar(45) NOT NULL,
  `street` varchar(45) NOT NULL,
  `house_number` varchar(10) NOT NULL,
  PRIMARY KEY (`id_adress`)
) ENGINE=InnoDB AUTO_INCREMENT=336 DEFAULT CHARSET=utf8;
/*!40101 SET character_set_client = @saved_cs_client */;

--
-- Dumping data for table `adress`
--

LOCK TABLES `adress` WRITE;
/*!40000 ALTER TABLE `adress` DISABLE KEYS */;
INSERT INTO `adress` VALUES (1,'Canada','Alberta','Lethbridge',' MySakila Drive','47'),(2,'Australia','QLD','Woodridge',' MySQL Boulevard','28'),(3,'Canada','Alberta','Lethbridge',' Workhaven Lane','23'),(4,'Australia','QLD','Woodridge',' Lillydale Drive','1411'),(5,'Japan','Nagasaki','Sasebo',' Hanoi Way','1913'),(6,'United States','California','San Bernardino',' Loja Avenue','1121'),(7,'Greece','Attika','Athenai',' Joliet Street','692'),(8,'Myanmar','Mandalay','Myingyan',' Inegl Manor','1566'),(9,'Taiwan','Nantou','Nantou',' Idfu Parkway','53'),(10,'United States','Texas','Laredo',' Santiago de Compostela Way','1795'),(11,'Yugoslavia','Central Serbia','Kragujevac',' Santiago de Compostela Parkway','900'),(12,'New Zealand','Hamilton','Hamilton',' Joliet Way','478'),(13,'Oman','Masqat','Masqat',' Korolev Drive','613'),(14,'Iran','Esfahan','Esfahan',' Sal Drive','1531'),(15,'Japan','Kanagawa','Sagamihara',' Tarlac Parkway','1542'),(16,'India','Haryana','Yamuna Nagar',' Bhopal Manor','808'),(17,'Turkey','Osmaniye','Osmaniye',' Amroha Parkway','270'),(18,'United States','California','Citrus Heights',' Bydgoszcz Avenue','770'),(19,'India','Madhya Pradesh','Bhopal',' Iligan Lane','419'),(20,'United Kingdom','England','Southend-on-Sea',' Toulouse Parkway','360'),(21,'Russian Federation','Kalmykia','Elista',' Toulon Boulevard','270'),(22,'Nigeria','Kaduna','Kaduna',' Brest Avenue','320'),(23,'South Africa','Northern Cape','Kimberley',' Lancaster Avenue','1417'),(24,'Pakistan','Nothwest Border Prov','Mardan',' Okara Way','1688'),(25,'Bangladesh','Dhaka','Tangail',' A Corua (La Corua) Parkway','262'),(26,'Morocco','Rabat-Sal-Zammour-Z','Sal',' Charlotte Amalie Street','28'),(27,'Latvia','Liepaja','Liepaja',' Hino Boulevard','1780'),(28,'Argentina','Crdoba','Crdoba',' Tafuna Way','96'),(29,'Pakistan','Sind','Shikarpur',' San Felipe de Puerto Plata Street','934'),(30,'Holy See (Vatican City State)','','Citt del Vaticano',' Duisburg Boulevard','18'),(31,'Philippines','Southern Mindanao','Davao',' Botshabelo Place','217'),(32,'India','Bihar','Munger (Monghyr)',' Shikarpur Manor','1425'),(33,'Japan','Yamaguchi','Shimonoseki',' Aurora Avenue','786'),(34,'Taiwan','Taipei','Lungtan',' Anpolis Street','1668'),(35,'India','West Bengali','Kamarhati',' Gorontalo Way','33'),(36,'India','Uttar Pradesh','Jhansi',' Mandaluyong Place','176'),(37,'Italy','Piemonte','Alessandria',' Purnea (Purnia) Manor','127'),(38,'Japan','Okayama','Kurashiki',' Tama Street','61'),(39,'France','Midi-Pyrnes','Toulouse',' Callao Drive','391'),(40,'Iran','Markazi','Arak',' Munger (Monghyr) Lane','334'),(41,'China','Henan','Nanyang',' Fukuyama Loop','1440'),(42,'Moldova','Chisinau','Chisinau',' Cam Ranh Parkway','269'),(43,'Brazil','Esprito Santo','Vila Velha',' Antofagasta Place','306'),(44,'Morocco','Oriental','Nador',' Graz Street','671'),(45,'Armenia','Yerevan','Yerevan',' Brindisi Place','42'),(46,'Thailand','Nonthaburi','Pak Kret',' Bislig Avenue','1632'),(47,'French Polynesia','Tahiti','Faaa',' Imus Way','1447'),(48,'Russian Federation','Lipetsk','Lipetsk',' Halifax Drive','1998'),(49,'Chile','Antofagasta','Antofagasta',' Valencia Street','1718'),(50,'Russian Federation','Moscow (City)','Moscow',' Pjatigorsk Lane','46'),(51,'Brazil','Cear','Juazeiro do Norte',' Garland Manor','686'),(52,'Russian Federation','Tatarstan','Niznekamsk',' Garland Manor','909'),(53,'Saudi Arabia','Mekka','Jedda',' Isesaki Place','725'),(54,'Sudan','Khartum','Omdurman',' Hidalgo Parkway','115'),(55,'United States','California','Fontana',' Izumisano Parkway','1135'),(56,'Spain','Galicia','A Corua (La Corua)',' Probolinggo Loop','939'),(57,'Japan','Chiba','Nagareyama',' Kabul Boulevard','17'),(58,'Japan','Yamaguchi','Iwakuni',' Allappuzha (Alleppey) Street','1964'),(59,'Russian Federation','Moskova','Balaiha',' Kowloon and New Kowloon Loop','1697'),(60,'French Polynesia','Tahiti','Papeete',' Saint Louis Place','1668'),(61,'Liechtenstein','Vaduz','Vaduz',' Tokat Street','943'),(62,'Malaysia','Sarawak','Kuching',' Liepaja Street','1114'),(63,'India','Karnataka','Mysore',' Ranchi Parkway','1213'),(64,'India','Rajasthan','Jaipur',' Hodeida Way','81'),(65,'Switzerland','Basel-Stadt','Basel',' Ponce Place','915'),(66,'United States','Missouri','Saint Louis',' Guadalajara Lane','1717'),(67,'United States','Nebraska','Lincoln',' Hanoi Way','1214'),(68,'China','Sichuan','Daxian',' Amroha Avenue','1966'),(69,'French Guiana','Cayenne','Cayenne',' Otsu Street','698'),(70,'Sweden','Skne ln','Malm',' Kimchon Manor','1150'),(71,'China','Hunan','Xiangtan',' Guaruj Place','1586'),(72,'India','Madhya Pradesh','Shivapuri',' Arlington Manor','57'),(73,'Algeria','Bchar','Bchar',' Daugavpils Parkway','1031'),(74,'Saudi Arabia','Mekka','al-Hawiya',' Buenaventura Drive','1124'),(75,'Philippines','Eastern Visayas','Baybay',' Cam Ranh Street','492'),(76,'Philippines','National Capital Reg','Taguig',' Allappuzha (Alleppey) Manor','89'),(77,'Taiwan','Chiayi','Chiayi',' Poos de Caldas Boulevard','1947'),(78,'Brazil','So Paulo','Rio Claro',' Dos Quebradas Place','1206'),(79,'Taiwan','Changhwa','Changhwa',' Rampur Lane','1551'),(80,'Kazakstan','Pavlodar','Pavlodar',' Paarl Street','602'),(81,'Brazil','So Paulo','Araatuba',' Ede Loop','1692'),(82,'India','Uttar Pradesh','Rae Bareli',' Salzburg Lane','936'),(83,'Japan','Kanagawa','Kamakura',' Tete Way','586'),(84,'Nigeria','Oyo & Osun','Ife',' Kabul Drive','1888'),(85,'Madagascar','Mahajanga','Mahajanga',' Baiyin Parkway','320'),(86,'Ukraine','Krim','Simferopol',' Baha Blanca Parkway','927'),(87,'South Africa','Gauteng','Springs',' Tallahassee Loop','929'),(88,'Mexico','Puebla','Atlixco',' Citt del Vaticano Boulevard','125'),(89,'United Kingdom','England','Bradford',' Ktahya Boulevard','1557'),(90,'Thailand','Songkhla','Songkhla',' Ashqelon Loop','870'),(91,'Colombia','Sucre','Sincelejo',' Portoviejo Avenue','1740'),(92,'South Korea','Cheju','Cheju',' Ciparay Parkway','1942'),(93,'Argentina','Buenos Aires','La Plata',' El Alto Avenue','1926'),(94,'China','Guangdong','Meixian',' Chatsworth Drive','1952'),(95,'Brunei','Brunei and Muara','Bandar Seri Begawan',' Le Mans Avenue','1370'),(96,'Brazil','Gois','Goinia',' Effon-Alaiye Avenue','984'),(97,'China','Inner Mongolia','Zalantun',' Nakhon Sawan Manor','832'),(98,'Philippines','Caraga','Bislig',' Kitwe Parkway','152'),(99,'India','Punjab','Pathankot',' Tanauan Lane','1697'),(100,'United States','Georgia','Augusta-Richmond County',' Arecibo Way','1308'),(101,'Mozambique','Tete','Tete',' Plock Drive','1599'),(102,'United Arab Emirates','Abu Dhabi','al-Ayn',' Firozabad Loop','669'),(103,'South Korea','Kyongsangbuk','Kimchon',' Vila Velha Manor','588'),(104,'Russian Federation','Lipetsk','Jelets',' Kamakura Place','1913'),(105,'Saudi Arabia','Asir','Abha',' Mandaluyong Place','733'),(106,'Israel','Ha Darom','Ashdod',' Vaduz Drive','659'),(107,'Nigeria','Kwara & Kogi','Ilorin',' Jelets Way','1177'),(108,'France','Provence-Alpes-Cte','Toulon',' Yangor Avenue','1386'),(109,'Tuvalu','Funafuti','Funafuti',' Nakhon Sawan Boulevard','454'),(110,'Russian Federation','Ivanovo','Ivanovo',' San Juan Bautista Tuxtepec Avenue','1867'),(111,'Argentina','Buenos Aires','Merlo',' Dzerzinsk Way','1532'),(112,'Mexico','Mxico','Huixquilucan',' Ahmadnagar Manor','1002'),(113,'South Africa','North West','Klerksdorp',' Junan Way','682'),(114,'China','Hubei','Enshi',' Elista Drive','804'),(115,'Venezuela','Distrito Federal','Caracas',' Alvorada Avenue','1378'),(116,'United States','California','Lancaster',' Cam Ranh Avenue','793'),(117,'Venezuela','Sucre','Cuman',' Tel Aviv-Jaffa Boulevard','1079'),(118,'Germany','Nordrhein-Westfalen','Duisburg',' Rae Bareli Place','442'),(119,'Mexico','Mxico','Nezahualcyotl',' Nakhon Sawan Avenue','1107'),(120,'Indonesia','Central Java','Pemalang',' Malm Parkway','544'),(121,'India','Gujarat','Gandhinagar',' Sincelejo Place','1967'),(122,'United States','Texas','Grand Prairie',' Goinia Way','333'),(123,'Egypt','al-Qalyubiya','Shubra al-Khayma',' Coacalco de Berriozbal Loop','1987'),(124,'Colombia','Risaralda','Dos Quebradas',' Mosul Lane','241'),(125,'India','Uttar Pradesh','Etawah',' Chiayi Drive','211'),(126,'Peru','Lima','Lima',' Tanauan Way','1175'),(127,'India','Uttar Pradesh','Varanasi (Benares)',' Boa Vista Way','117'),(128,'Turkey','Ktahya','Ktahya',' Tafuna Manor','848'),(129,'South Africa','Gauteng','Boksburg',' Baicheng Lane','569'),(130,'Brazil','So Paulo','Po',' Qomsheh Drive','1666'),(131,'Russian Federation','Smolensk','Smolensk',' Hagonoy Drive','801'),(132,'Poland','Slaskie','Jastrzebie-Zdrj',' Garden Grove Avenue','1050'),(133,'China','Shandong','Liaocheng',' Tieli Street','1854'),(134,'Brazil','Gois','guas Lindas de Gois',' Junan Lane','758'),(135,'Ukraine','Taka-Karpatia','Mukateve',' So Leopoldo Parkway','1752'),(136,'South Africa','Free State','Botshabelo',' Belm Manor','898'),(137,'Mexico','Coahuila de Zaragoza','Torren',' Saint Louis Way','261'),(138,'Egypt','al-Qalyubiya','Qalyub',' Southampton Drive','765'),(139,'India','Maharashtra','Pune',' Johannesburg Avenue','943'),(140,'India','Karnataka','Hubli-Dharwad',' Atinsk Street','788'),(141,'Netherlands','Gelderland','Apeldoorn',' Daxian Place','1749'),(142,'China','Inner Mongolia','Hohhot',' Sullana Lane','1587'),(143,'Taiwan','Ynlin','Touliu',' Dzerzinsk Manor','1029'),(144,'United States','Tennessee','Clarksville',' Beni-Mellal Place','1666'),(145,'Japan','Hiroshima','Fukuyama',' Jaffna Loop','928'),(146,'United Kingdom','Scotland','Dundee',' Ljubertsy Parkway','483'),(147,'Turkey','Kilis','Kilis',' Bat Yam Boulevard','374'),(148,'Belarus','Minsk','Molodetno',' Songkhla Manor','1027'),(149,'South Africa','Gauteng','Soshanguve',' Sanaa Loop','999'),(150,'United States','Michigan','Sterling Heights',' Newcastle Way','879'),(151,'Japan','Saitama','Urawa',' Lincoln Parkway','1337'),(152,'Runion','Saint-Denis','Saint-Denis',' Pune Lane','1952'),(153,'United States','Massachusetts','Brockton',' Mosul Street','782'),(154,'Mexico','Michoacn de Ocampo','Hidalgo',' Shimonoseki Drive','781'),(155,'China','Shandong','Laiwu',' Jelets Boulevard','1560'),(156,'India','Assam','Nagaon',' Moscow Place','1963'),(157,'Indonesia','Jakarta Raya','Jakarta',' Escobar Way','456'),(158,'China','Shanxi','Yuncheng',' Cianjur Avenue','798'),(159,'Switzerland','Bern','Bern',' Novi Sad Place','185'),(160,'Nigeria','Ondo & Ekiti','Ondo',' Yantai Manor','1367'),(161,'North Korea','Pyongyang-si','Pyongyang',' Nakhon Sawan Boulevard','1386'),(162,'United States','North Carolina','Greensboro',' Papeete Way','369'),(163,'Austria','North Austria','Linz',' Compton Place','1440'),(164,'Russian Federation','Moskova','Ljubertsy',' Baha Blanca Manor','1623'),(165,'Israel','Tel Aviv','Tel Aviv-Jaffa',' Shimoga Avenue','97'),(166,'France','Pays de la Loire','Le Mans',' Le Mans Loop','1740'),(167,'Japan','Gifu','Kakamigahara',' Xiangfan Boulevard','1287'),(168,'Turkey','Adana','Tarsus',' Salzburg Lane','842'),(169,'China','Xinxiang','Hami',' Tallahassee Loop','154'),(170,'Malawi','Lilongwe','Lilongwe',' San Felipe del Progreso Avenue','710'),(171,'India','Maharashtra','Chandrapur',' Wroclaw Drive','1540'),(172,'China','Gansu','Jinchang',' Atinsk Way','475'),(173,'China','Jiangxi','Pingxiang',' Firozabad Drive','1294'),(174,'India','Rajasthan','Udaipur',' Ezhou Lane','1877'),(175,'Malaysia','Perak','Ipoh',' Uruapan Street','316'),(176,'Turkey','Batman','Batman',' Pyongyang Loop','29'),(177,'Austria','Steiermark','Graz',' Klerksdorp Way','1010'),(178,'Venezuela','Miranda','Ocumare del Tuy',' Salala Boulevard','1848'),(179,'India','Kerala','Allappuzha (Alleppey)',' Xiangtan Avenue','431'),(180,'Algeria','Skikda','Skikda',' Rustenburg Avenue','757'),(181,'Mexico','Tamaulipas','Matamoros',' Johannesburg Way','146'),(182,'Brazil','So Paulo','Santa Brbara dOeste',' Rizhao Boulevard','1891'),(183,'Russian Federation','Kirov','Kirovo-Tepetsk',' Iwatsuki Avenue','1089'),(184,'Colombia','Risaralda','Pereira',' Benin City Parkway','1410'),(185,'United States','Tennessee','Memphis',' Garden Grove Place','682'),(186,'United States','California','Compton',' al-Ayn Boulevard','533'),(187,'Brazil','Gois','Luzinia',' Szkesfehrvr Parkway','1839'),(188,'Netherlands','Noord-Brabant','s-Hertogenbosch',' Ambattur Manor','741'),(189,'Iran','Chaharmahal va Bakht','Shahr-e Kord',' Barcelona Street','927'),(190,'India','West Bengali','Haldia',' 0 Way','435'),(191,'Ukraine','Sumy','Sumy',' Chiayi Parkway','140'),(192,'Philippines','Caraga','Bayugan',' Changhwa Street','1166'),(193,'Canada','Ontario','Oshawa',' Novi Sad Manor','891'),(194,'Tanzania','Tabora','Tabora',' Rio Claro Parkway','605'),(195,'Russian Federation','Rostov-na-Donu','Novoterkassk',' San Felipe de Puerto Plata Place','1077'),(196,'India','Uttar Pradesh','Firozabad',' San Miguel de Tucumn Manor','9'),(197,'Kenya','Nyanza','Kisumu',' Surakarta Loop','447'),(198,'Japan','Tokyo-to','Hino',' Oshawa Boulevard','345'),(199,'Germany','Nordrhein-Westfalen','Siegen',' Valle de la Pascua Place','1792'),(200,'Germany','Baden-Wrttemberg','Mannheim',' Binzhou Manor','1074'),(201,'China','Jiangsu','Changzhou',' Bradford Loop','817'),(202,'Nigeria','Ondo & Ekiti','Ikerre',' Bamenda Way','955'),(203,'Vietnam','Haiphong','Haiphong',' A Corua (La Corua) Boulevard','1149'),(204,'Turkmenistan','Ahal','Ashgabat',' Mwene-Ditu Drive','387'),(205,'Germany','Nordrhein-Westfalen','Witten',' Molodetno Manor','68'),(206,'India','Maharashtra','Bhusawal',' Nador Drive','642'),(207,'Indonesia','Sulawesi Utara','Gorontalo',' Nador Lane','1688'),(208,'Turkey','Usak','Usak',' Pyongyang Parkway','1215'),(209,'Paraguay','Alto Paran','Ciudad del Este',' Antofagasta Street','1679'),(210,'Brazil','Santa Catarina','Blumenau',' s-Hertogenbosch Way','1304'),(211,'Greenland','Kitaa','Nuuk',' Salala Loop','850'),(212,'India','West Bengali','Balurghat',' Oshawa Boulevard','624'),(213,'India','Rajasthan','Bhilwara',' Dadu Avenue','43'),(214,'Yemen','Aden','Aden',' Lima Loop','751'),(215,'China','Jilin','Fuyu',' Haldia Street','1333'),(216,'United States','Washington','Bellevue',' Jedda Boulevard','660'),(217,'Yemen','Taizz','Taizz',' Miyakonojo Lane','1001'),(218,'United States','California','Sunnyvale',' Brest Manor','226'),(219,'Bulgaria','Haskovo','Stara Zagora',' Valencia Parkway','1229'),(220,'Brazil','Gois','Aparecida de Goinia',' Qomsheh Manor','1201'),(221,'India','Uttar Pradesh','Sambhal',' Shivapuri Manor','866'),(222,'Afghanistan','Kabol','Kabul',' Najafabad Parkway','1168'),(223,'Argentina','Buenos Aires','Vicente Lpez',' Allappuzha (Alleppey) Place','1244'),(224,'Tanzania','Zanzibar West','Zanzibar',' Luzinia Boulevard','1842'),(225,'Italy','Sisilia','Syrakusa',' Gingoog Street','1926'),(226,'Russian Federation','Jaroslavl','Jaroslavl',' Palghat (Palakkad) Boulevard','810'),(227,'Pakistan','Punjab','Mandi Bahauddin',' Maring Parkway','1820'),(228,'India','Rajasthan','Jodhpur',' Poos de Caldas Street','60'),(229,'India','Tamil Nadu','Ambattur',' Loja Manor','1014'),(230,'Paraguay','Asuncin','Asuncin',' Effon-Alaiye Way','201'),(231,'Germany','Saarland','Saarbrcken',' Alessandria Loop','430'),(232,'Cambodia','Phnom Penh','Phnom Penh',' Valencia Place','754'),(233,'Brazil','Gois','Anpolis',' Olomouc Manor','356'),(234,'Romania','Botosani','Botosani',' Bislig Boulevard','1256'),(235,'India','West Bengali','Uttarpara-Kotrung',' Kimchon Place','954'),(236,'Nigeria','Kaduna','Zaria',' Yingkou Manor','885'),(237,'Egypt','Qina','Idfu',' Cavite Place','1736'),(238,'Kuwait','Hawalli','Jalib al-Shuyukh',' Skikda Parkway','346'),(239,'Colombia','Valle','Buenaventura',' Stara Zagora Boulevard','98'),(240,'Philippines','Southern Tagalog','Tanza',' Rustenburg Boulevard','1479'),(241,'South Korea','Chollanam','Naju',' A Corua (La Corua) Street','647'),(242,'India','Karnataka','Shimoga',' Gijn Manor','1964'),(243,'Indonesia','West Java','Ciomas',' Syktyvkar Lane','47'),(244,'Japan','Fukushima','Iwaki',' Saarbrcken Parkway','1148'),(245,'China','Hubei','Xiangfan',' Bilbays Parkway','1103'),(246,'China','Hebei','Qinhuangdao',' Boksburg Parkway','1246'),(247,'Argentina','Tucumn','San Miguel de Tucumn',' Pathankot Street','1483'),(248,'Philippines','Central Visayas','Lapu-Lapu',' Papeete Loop','582'),(249,'South Korea','Kyonggi','Uijongbu',' Junan Street','300'),(250,'Brazil','Paran','Maring',' Grand Prairie Way','829'),(251,'Mexico','Mxico','Coacalco de Berriozbal',' Changhwa Parkway','1473'),(252,'United States','Florida','Tallahassee',' Weifang Street','1309'),(253,'China','Tianjin','Tianjin',' Oshawa Manor','1760'),(254,'Nigeria','Oyo & Osun','Oyo',' Stara Zagora Way','786'),(255,'Germany','Anhalt Sachsen','Halle/Saale',' Tonghae Street','1966'),(256,'United Kingdom','England','London',' Yuzhou Drive','1497'),(258,'Japan','Miyazaki','Miyakonojo',' Ondo Loop','752'),(259,'Brazil','Minas Gerais','Poos de Caldas',' Zalantun Lane','1338'),(260,'Philippines','Central Luzon','Hagonoy',' Iwakuni Boulevard','127'),(261,'Myanmar','Sagaing','Monywa',' Laredo Avenue','51'),(262,'Mozambique','Sofala','Beira',' Yaound Manor','771'),(263,'Dominican Republic','Santiago','Santiago de los Caballeros',' Toulon Street','532'),(264,'India','West Bengali','Halisahar',' Banjul Place','1027'),(265,'China','Shanxi','Datong',' Mandi Bahauddin Parkway','1158'),(266,'Philippines','Cagayan Valley','Tuguegarao',' Xintai Lane','862'),(267,'Ecuador','Manab','Portoviejo',' Cayenne Parkway','816'),(268,'Philippines','National Capital Reg','Mandaluyong',' Nam Dinh Loop','1831'),(269,'Japan','Osaka','Higashiosaka',' Kirovo-Tepetsk Lane','446'),(270,'Czech Republic','Severn Morava','Olomouc',' Halisahar Place','682'),(271,'Austria','Salzburg','Salzburg',' Loja Manor','1587'),(272,'China','Hunan','Lengshuijiang',' Paarl Parkway','1762'),(273,'India','Kerala','Palghat (Palakkad)',' Ilorin Place','1519'),(274,'United States','California','Salinas',' Kumbakonam Loop','920'),(275,'Poland','Wielkopolskie','Kalisz',' Goinia Way','906'),(276,'India','Tamil Nadu','Kumbakonam',' Xiangfan Manor','1675'),(277,'China','Shandong','Yantai',' San Felipe de Puerto Plata Drive','85'),(278,'Mexico','Guanajuato','Salamanca',' South Hill Loop','144'),(279,'India','Haryana','Karnal',' Shikarpur Avenue','1884'),(280,'United States','Illinois','Peoria',' Kamjanets-Podilskyi Street','1980'),(281,'United States','Michigan','Warren',' Bamenda Way','1944'),(282,'Nigeria','Oyo & Osun','Ogbomosho',' Baybay Manor','556'),(283,'Turkey','Bursa','Inegl',' Tongliao Loop','457'),(284,'Iran','East Azerbaidzan','Tabriz',' Bradford Street','600'),(285,'Nigeria','Ondo & Ekiti','Owo',' Santa Brbara dOeste Manor','1006'),(286,'China','Fujian','Fuzhou',' Sumy Loop','1308'),(287,'Puerto Rico','Ponce','Ponce',' Chisinau Place','1405'),(288,'China','Xinxiang','Korla',' Halifax Street','226'),(289,'Nigeria','Edo & Delta','Benin City',' Udine Parkway','1279'),(290,'Japan','Shiga','Otsu',' Benin City Drive','1336'),(291,'Nigeria','Oyo & Osun','Effon-Alaiye',' Liaocheng Place','1155'),(292,'India','Tamil Nadu','Tambaram',' Tabuk Lane','1993'),(293,'Mexico','Guanajuato','Valle de Santiago',' Higashiosaka Lane','86'),(294,'Hong Kong','Kowloon and New Kowl','Kowloon and New Kowloon',' Allende Manor','1912'),(295,'Venezuela','Gurico','Valle de la Pascua',' Tarsus Boulevard','544'),(296,'United States','Virginia','Roanoke',' Cuman Avenue','1936'),(297,'United Arab Emirates','Sharja','Sharja',' Tongliao Street','1192'),(298,'Spain','Baskimaa','Donostia-San Sebastin',' Najafabad Way','44'),(299,'United States','Ohio','Dayton',' Pudukkottai Lane','32'),(300,'Russian Federation','Pietari','Kolpino',' Chisinau Lane','661'),(301,'India','Punjab','Patiala',' Stara Zagora Manor','951'),(302,'India','Maharashtra','Ahmadnagar',' Vila Velha Loop','922'),(303,'Finland','Pohjois-Pohjanmaa','Oulu',' Jining Lane','898'),(304,'Japan','Hiroshima','Hiroshima',' Kuwana Boulevard','1635'),(305,'India','Maharashtra','Parbhani',' El Alto Parkway','41'),(306,'Russian Federation','Kaliningrad','Kaliningrad',' Maikop Lane','1883'),(307,'China','Liaoning','Tiefa',' Gaziantep Place','1908'),(308,'Yemen','Sanaa','Sanaa',' Alessandria Parkway','687'),(309,'Peru','Callao','Callao',' Yuncheng Drive','827'),(310,'United States','Texas','Arlington',' Coacalco de Berriozbal Loop','913'),(311,'Malaysia','Kedah','Sungai Petani',' So Bernardo do Campo Lane','715'),(312,'Brazil','Rio de Janeiro','Angra dos Reis',' Siegen Street','1354'),(313,'United States','Missouri','Kansas City',' Sungai Petani Boulevard','1191'),(314,'Italy','Lombardia','Brescia',' Huejutla de Reyes Boulevard','1224'),(315,'Brazil','Minas Gerais','Ibirit',' Bergamo Avenue','543'),(316,'Russian Federation','Kursk','Kursk',' Joliet Lane','746'),(317,'Saudi Arabia','Tabuk','Tabuk',' Kimberley Way','780'),(318,'China','Hubei','Ezhou',' Yaound Place','1774'),(319,'Brazil','So Paulo','Sorocaba',' Yantai Lane','1957'),(320,'Israel','Tel Aviv','Bat Yam',' Lubumbashi Boulevard','1542'),(321,'India','Maharashtra','Miraj',' Pathankot Loop','651'),(322,'Faroe Islands','Streymoyar','Trshavn',' Zhoushan Parkway','1359'),(323,'Poland','Kujawsko-Pomorskie','Bydgoszcz',' Iwaki Lane','1769'),(324,'Mexico','Mxico','San Felipe del Progreso',' Vilnius Manor','1145'),(325,'American Samoa','Tutuila','Tafuna',' Nabereznyje Telny Lane','1892'),(326,'Nepal','Central','Birgunj',' Boksburg Street','470'),(327,'Argentina','Buenos Aires','Baha Blanca',' A Corua (La Corua) Place','1427'),(328,'Mexico','Morelos','Cuautla',' San Felipe del Progreso Avenue','479'),(329,'China','Henan','Yuzhou',' Benin City Avenue','867'),(330,'Brazil','Distrito Federal','Braslia',' Kumbakonam Place','981'),(331,'Saint Vincent and the Grenadines','St George','Kingstown',' Iwakuni Street','1016'),(332,'Turkey','Adana','Adana',' Baha Blanca Parkway','663'),(333,'Indonesia','West Java','Ciparay',' Taguig Loop','1860'),(334,'Bangladesh','Dhaka','Jamalpur',' Bydgoszcz Loop','1816'),(335,'United States','Illinois','Aurora',' Benguela Manor','587');
/*!40000 ALTER TABLE `adress` ENABLE KEYS */;
UNLOCK TABLES;

--
-- Table structure for table `cast`
--

DROP TABLE IF EXISTS `cast`;
/*!40101 SET @saved_cs_client     = @@character_set_client */;
 SET character_set_client = utf8mb4 ;
CREATE TABLE `cast` (
  `id_actor` int(11) NOT NULL,
  `actor_rating` decimal(3,1) DEFAULT NULL,
  `characters` varchar(100) DEFAULT NULL,
  `id_movie` int(11) NOT NULL,
  PRIMARY KEY (`id_actor`,`id_movie`),
  KEY `fk_cast_actor1_idx` (`id_actor`),
  KEY `fk_cast_movie1_idx` (`id_movie`),
  CONSTRAINT `fk_cast_actor1` FOREIGN KEY (`id_actor`) REFERENCES `actor` (`id_actor`),
  CONSTRAINT `fk_cast_movie1` FOREIGN KEY (`id_movie`) REFERENCES `movie` (`id_movie`)
) ENGINE=InnoDB DEFAULT CHARSET=utf8;
/*!40101 SET character_set_client = @saved_cs_client */;

--
-- Dumping data for table `cast`
--

LOCK TABLES `cast` WRITE;
/*!40000 ALTER TABLE `cast` DISABLE KEYS */;
INSERT INTO `cast` VALUES (1,5.0,'Carlos',5),(1,6.0,'Arnold',22),(1,5.0,'Bob',54),(1,5.0,'William',58),(1,4.0,'Bob',75),(1,8.0,'Glenn',88),(2,6.0,'Jay',75),(2,4.0,'Jamie',84),(2,6.0,'Tommy',99),(3,5.0,'Jared',7),(3,7.0,'Daniel',41),(3,5.0,'Glenda',67),(3,9.0,'Miriam',77),(3,4.0,'Victor',87),(3,7.0,'Nelson',98),(4,4.0,'Jackie',7),(4,6.0,'Charlie',12),(4,5.0,'Colleen',42),(4,6.0,'Billy',48),(4,5.0,'Troy',52),(4,9.0,'Casey',60),(4,8.0,'Herman',63),(4,7.0,'Tommy',76),(4,5.0,'Justin',88),(4,3.0,'Natalie',90),(5,6.0,'Steven',9),(5,8.0,'Nathan',15),(5,7.0,'Jeanne',17),(5,8.0,'Hilda',51),(5,4.0,'Sidney',54),(5,4.0,'Edgar',86),(5,6.0,'Violet',87),(5,5.0,'Carlos',90),(6,2.0,'Jordan',13),(6,9.0,'Ray',45),(6,5.0,'Miriam',50),(6,4.0,'Stanley',88),(6,7.0,'Ella',92),(7,9.0,'Jay',13),(7,6.0,'Armando',25),(7,5.0,'Penny',57),(7,4.0,'Patrick',99),(8,3.0,'Mitchell',12),(8,3.0,'Dora',37),(8,3.0,'Jorge',67),(8,6.0,'Marian',86),(8,4.0,'Sean',89),(9,6.0,'Terry',23),(9,8.0,'Vernon',27),(9,6.0,'Jordan',57),(9,9.0,'Clifford',59),(9,7.0,'Kelly',62),(9,6.0,'Nellie',72),(9,5.0,'Benjamin',74),(9,6.0,'Bessie',84),(10,2.0,'Penny',12),(10,3.0,'Patsy',27),(10,3.0,'Steve',70),(10,9.0,'Vera',79),(11,8.0,'Jonathan',19),(11,8.0,'Bobbie',30),(11,1.0,'Brent',35),(11,7.0,'Lee',36),(11,4.0,'Erik',51),(11,5.0,'Jessie',71),(11,7.0,'Jared',72),(11,5.0,'Marsha',92),(12,4.0,'Ella',4),(12,6.0,'Herbert',11),(12,8.0,'Vicki',62),(12,7.0,'Lydia',63),(12,4.0,'Ronald',73),(12,5.0,'George',84),(13,8.0,'Colleen',11),(13,5.0,'Dennis',54),(13,6.0,'Eileen',77),(13,7.0,'Willard',80),(13,6.0,'Mario',82),(13,3.0,'Manuel',86),(14,5.0,'Roy',26),(14,9.0,'Tim',29),(14,3.0,'Ella',40),(14,3.0,'Leona',65),(14,6.0,'David',98),(14,1.0,'Henry',99),(15,5.0,'Jared',19),(15,6.0,'Milton',33),(15,4.0,'Glen',79),(15,5.0,'Jon',100),(16,2.0,'Stacey',27),(16,5.0,'Kurt',31),(16,4.0,'Dean',71),(16,9.0,'Maureen',83),(17,3.0,'Alan',25),(17,3.0,'Russell',31),(17,2.0,'Arnold',35),(17,10.0,'Nicholas',61),(17,4.0,'Christian',65),(17,10.0,'Julio',73),(17,7.0,'Viola',90),(18,6.0,'Mattie',9),(18,8.0,'Lawrence',33),(18,7.0,'Brad',57),(18,4.0,'Don',73),(18,3.0,'Leo',91),(19,4.0,'Kenneth',22),(19,7.0,'Lydia',53),(19,4.0,'Patrick',57),(19,5.0,'Brad',83),(19,5.0,'Harold',88),(19,6.0,'Marvin',90),(19,5.0,'Carlos',100),(20,4.0,'Delores',8),(20,9.0,'Nelson',14),(20,7.0,'Roland',15),(20,7.0,'Terri',26),(20,6.0,'Alexander',30),(20,7.0,'Jonathan',47),(20,4.0,'Jerry',50),(20,5.0,'Sidney',65),(20,5.0,'Kristin',66),(20,3.0,'Jimmy',76),(20,8.0,'Alexander',80),(20,7.0,'Willard',83),(20,6.0,'Allen',86),(21,5.0,'Stanley',3),(21,4.0,'Frank',6),(21,7.0,'Jeffrey',13),(21,6.0,'Roy',14),(21,2.0,'Maurice',50),(21,7.0,'Floyd',95),(21,5.0,'Kyle',97),(22,4.0,'Micheal',16),(22,5.0,'Marcia',18),(22,5.0,'Maxine',19),(22,5.0,'Joshua',23),(22,9.0,'Hilda',25),(22,7.0,'Myrtle',39),(22,8.0,'Ronnie',43),(22,4.0,'Mattie',51),(22,7.0,'Milton',61),(22,5.0,'Arnold',68),(22,5.0,'Vernon',85),(22,5.0,'Bryan',89),(22,5.0,'Angel',93),(23,3.0,'Cody',5),(23,5.0,'Adrian',9),(23,4.0,'Mike',13),(23,7.0,'Gina',35),(23,7.0,'Edward',53),(23,4.0,'Derek',65),(23,8.0,'Pedro',70),(23,4.0,'Nathaniel',72),(23,5.0,'Bill',88),(23,4.0,'Darrell',92),(23,4.0,'Eddie',96),(23,10.0,'Naomi',98),(24,3.0,'Jay',6),(24,6.0,'Fred',17),(24,4.0,'Jim',28),(24,5.0,'Lillie',42),(24,6.0,'Maurice',58),(24,7.0,'Elmer',63),(24,5.0,'Francisco',64),(24,7.0,'Everett',76),(25,4.0,'Byron',13),(25,5.0,'Marsha',17),(25,2.0,'Raul',34),(25,6.0,'Jenny',58),(25,4.0,'Terry',69),(25,6.0,'Troy',74),(25,8.0,'Julio',98),(26,7.0,'Vicki',9),(26,1.0,'Kristina',15),(26,3.0,'Heidi',50),(26,6.0,'Sidney',81),(26,9.0,'Dave',92),(26,5.0,'Glenn',95),(27,7.0,'Vera',6),(27,7.0,'Brandy',14),(27,2.0,'Lydia',32),(27,2.0,'Jason',34),(27,4.0,'Alberto',49),(27,5.0,'Juan',52),(27,6.0,'Jackie',62),(27,5.0,'Juan',79),(27,6.0,'Tony',98),(27,4.0,'Ricardo',99),(28,5.0,'Patrick',58),(28,7.0,'Neil',81),(28,2.0,'Albert',95),(28,5.0,'Maureen',99),(29,6.0,'Eddie',6),(29,4.0,'Eugene',7),(29,7.0,'Richard',35),(29,6.0,'Travis',39),(29,4.0,'Dianne',47),(29,4.0,'Nina',70),(29,2.0,'Sidney',85),(29,7.0,'Paul',94),(29,5.0,'Jonathan',99),(30,5.0,'Dianne',2),(30,8.0,'Ryan',52),(30,5.0,'Terri',68),(30,1.0,'Dwayne',80),(30,8.0,'Neil',85),(30,1.0,'Calvin',92),(31,8.0,'Chris',12),(31,3.0,'Erik',33),(31,2.0,'Roy',40),(31,1.0,'Mario',52),(31,6.0,'Dave',63),(31,5.0,'Kyle',72),(31,5.0,'Tonya',85),(31,7.0,'Shawn',91),(31,7.0,'Sidney',92),(31,7.0,'Brent',97),(32,9.0,'Jonathan',8),(32,7.0,'Edwin',9),(32,5.0,'Stephen',35),(32,4.0,'Theodore',46),(32,5.0,'Raul',51),(32,9.0,'Mark',76),(32,4.0,'Olga',77),(32,6.0,'Fernando',81),(32,1.0,'Gina',84),(32,3.0,'Dora',89),(33,3.0,'Carlos',4),(33,4.0,'Brent',10),(33,6.0,'Darryl',19),(33,1.0,'Lee',25),(33,4.0,'Kelly',53),(33,4.0,'Roger',56),(34,8.0,'Dianne',11),(34,2.0,'Dianne',16),(34,5.0,'Kyle',20),(34,7.0,'Francis',24),(34,3.0,'Paul',32),(34,6.0,'Alan',42),(34,3.0,'Brett',61),(34,5.0,'Shane',62),(34,6.0,'Craig',64),(34,3.0,'Mae',89),(35,7.0,'Jason',13),(35,3.0,'Jack',17),(35,8.0,'Tracey',36),(35,3.0,'Timothy',38),(35,7.0,'Leonard',43),(35,7.0,'Stacey',57),(35,3.0,'Stacey',63),(35,7.0,'Frank',78),(35,6.0,'Mathew',82),(35,5.0,'Ricardo',88),(35,7.0,'James',94),(35,4.0,'Tamara',99),(35,7.0,'Eddie',100),(36,10.0,'Violet',2),(36,7.0,'Arthur',21),(36,6.0,'Lloyd',23),(36,7.0,'Ricky',30),(36,5.0,'Dwight',47),(36,2.0,'Leo',50),(36,5.0,'Nellie',81),(36,4.0,'Alvin',91),(36,6.0,'Joshua',94),(37,8.0,'Joe',17),(37,4.0,'Earl',48),(37,6.0,'Leona',57),(37,6.0,'Allen',58),(37,8.0,'Edwin',65),(37,4.0,'Alfred',77),(37,4.0,'Alvin',79),(37,1.0,'Charlie',82),(37,5.0,'Felix',83),(37,8.0,'Randy',87),(37,5.0,'Bernard',89),(37,5.0,'Nellie',90),(38,2.0,'Francisco',30),(38,7.0,'Brian',33),(38,5.0,'Mario',36),(38,4.0,'Brad',49),(38,8.0,'Ray',64),(38,5.0,'Erika',82),(39,1.0,'Mathew',10),(39,6.0,'Roberto',16),(39,7.0,'Eddie',20),(39,5.0,'Cecil',28),(39,5.0,'Allan',46),(39,7.0,'Gilbert',65),(39,7.0,'Jeanne',90),(39,5.0,'Leona',96),(40,5.0,'Miguel',3),(40,7.0,'Mitchell',25),(40,7.0,'Joel',29),(40,6.0,'Sherri',51),(40,6.0,'Elmer',77),(40,9.0,'Bradley',84),(40,6.0,'Constance',89),(41,6.0,'Eugene',18),(41,3.0,'Allison',19),(41,5.0,'Phillip',22),(41,7.0,'Lucy',38),(41,9.0,'Roberto',50),(41,6.0,'Cory',59),(41,6.0,'Micheal',93),(42,8.0,'Melvin',4),(42,5.0,'Sherri',23),(42,5.0,'Joe',41),(42,3.0,'Harold',44),(42,7.0,'Christian',69),(42,6.0,'Marcia',93),(42,5.0,'Ivan',100),(43,2.0,'Stacey',28),(43,8.0,'Mae',39),(43,6.0,'Lester',51),(43,4.0,'Martin',54),(43,5.0,'Max',56),(43,6.0,'Don',59),(43,8.0,'Ivan',62),(43,9.0,'Jay',64),(43,4.0,'Brett',73),(43,8.0,'Micheal',74),(43,7.0,'Tom',76),(44,6.0,'Ben',2),(44,3.0,'Rosemary',11),(44,7.0,'Nathan',12),(44,8.0,'Lonnie',19),(44,5.0,'Micheal',22),(44,7.0,'Jonathan',24),(44,4.0,'Hilda',33),(44,7.0,'Jimmy',34),(44,6.0,'Roy',36),(44,7.0,'Wayne',40),(44,8.0,'Edgar',49),(44,3.0,'Chris',63),(44,6.0,'Arnold',65),(44,4.0,'Jesus',76),(44,7.0,'Chester',99),(45,7.0,'Arlene',19),(45,5.0,'Milton',31),(45,4.0,'Lance',46),(45,4.0,'Steve',63),(45,4.0,'Herman',71),(45,6.0,'Bill',91),(45,4.0,'Dan',95),(46,4.0,'Corey',2),(46,4.0,'Dwayne',10),(46,5.0,'Bryan',22),(46,4.0,'Carl',32),(46,7.0,'Craig',39),(46,9.0,'Constance',57),(46,3.0,'Philip',64),(46,6.0,'Oscar',93),(46,3.0,'Jack',97),(47,6.0,'Travis',15),(47,8.0,'Vincent',31),(47,9.0,'Matthew',47),(47,7.0,'Jon',59),(47,9.0,'Barry',65),(47,6.0,'Rick',78),(48,4.0,'Michael',5),(48,4.0,'Tim',13),(48,8.0,'Nathan',31),(48,3.0,'Stacey',56),(48,5.0,'Tyrone',97),(49,10.0,'Francisco',1),(49,6.0,'Dustin',2),(49,7.0,'Miriam',10),(49,6.0,'Raul',18),(49,6.0,'Clarence',26),(49,5.0,'Georgia',36),(49,4.0,'Peter',40),(49,1.0,'Floyd',46),(49,5.0,'Lena',53),(49,3.0,'Angel',65),(49,8.0,'Eric',91),(50,5.0,'Jennie',5),(50,5.0,'Sherri',8),(50,4.0,'Stephen',13),(50,6.0,'Courtney',21),(50,6.0,'Jon',41),(50,6.0,'Bessie',50),(50,8.0,'Allison',51),(50,6.0,'Velma',58),(50,5.0,'Hector',61),(50,7.0,'Harvey',95),(50,7.0,'Patrick',98),(51,6.0,'Elmer',3),(51,7.0,'Arlene',7),(51,4.0,'Stella',9),(51,5.0,'Marvin',29),(51,5.0,'Hilda',44),(51,8.0,'Erika',48),(51,6.0,'Gina',57),(51,4.0,'Jamie',68),(51,8.0,'Kelly',74),(51,5.0,'Jaime',80),(51,1.0,'Erika',82),(52,2.0,'Javier',3),(52,6.0,'Cecil',20),(52,6.0,'Brandon',24),(52,5.0,'Darren',29),(52,4.0,'Stacey',35),(52,1.0,'Carla',36),(52,6.0,'Sidney',69),(53,4.0,'Julian',12),(53,7.0,'Leroy',25),(53,4.0,'Tara',39),(53,8.0,'Darryl',45),(53,4.0,'Dora',47),(53,4.0,'Alberto',57),(53,3.0,'Deanna',68),(53,8.0,'Billie',71),(53,6.0,'Miguel',80),(54,6.0,'Georgia',5),(54,5.0,'Glenda',18),(54,3.0,'Leah',53),(54,7.0,'Nina',68),(54,8.0,'Tonya',80),(54,2.0,'Tamara',81),(54,6.0,'Naomi',83),(54,2.0,'Heidi',96),(55,10.0,'Gwendolyn',18),(55,7.0,'Joe',19),(55,4.0,'Adrian',22),(55,4.0,'Jay',65),(55,5.0,'Jason',73),(56,4.0,'Mario',11),(56,3.0,'Harry',26),(56,6.0,'Jonathan',58),(56,5.0,'Jacob',63),(56,6.0,'Angel',64),(56,6.0,'Daryl',88),(57,4.0,'Becky',3),(57,6.0,'Ken',6),(57,4.0,'Jesus',41),(57,2.0,'Francis',68),(57,1.0,'Russell',75),(57,7.0,'Rafael',79),(58,6.0,'Ella',8),(58,7.0,'Hilda',57),(58,7.0,'Adrian',66),(58,5.0,'Brian',69),(58,8.0,'Jack',71),(58,6.0,'Gary',76),(58,7.0,'Roland',94),(58,7.0,'Darrell',99),(58,5.0,'Bob',100),(59,2.0,'Neil',5),(59,8.0,'Edward',17),(59,6.0,'Nicholas',28),(59,6.0,'Roger',29),(59,1.0,'Becky',32),(59,3.0,'Melinda',35),(59,5.0,'Leon',36),(59,5.0,'Marcus',57),(59,4.0,'Max',64),(59,2.0,'Karl',87),(59,4.0,'Tara',88),(60,4.0,'Terry',6),(60,2.0,'Ramona',7),(60,5.0,'Thomas',32),(60,4.0,'Marcia',36),(60,6.0,'Reginald',50),(60,7.0,'Glen',54),(60,7.0,'Robert',63),(60,4.0,'Fred',66),(61,6.0,'Tyler',8),(61,7.0,'Irma',22),(61,6.0,'Mitchell',39),(61,5.0,'Everett',59),(62,7.0,'Justin',15),(62,4.0,'Velma',22),(62,3.0,'Ben',33),(62,7.0,'Jo',44),(62,4.0,'Floyd',52),(62,2.0,'Natalie',65),(62,4.0,'Andre',67),(62,4.0,'Phillip',68),(62,4.0,'Chris',76),(63,5.0,'Gary',15),(63,7.0,'Eugene',24),(63,7.0,'Dora',25),(63,4.0,'Lester',38),(63,4.0,'Max',39),(63,6.0,'Leonard',57),(63,6.0,'Ray',63),(63,9.0,'John',76),(63,6.0,'Edwin',80),(63,5.0,'Benjamin',84),(64,5.0,'Jon',7),(64,6.0,'Adam',10),(64,3.0,'Cody',34),(64,7.0,'Derek',37),(64,3.0,'Alvin',41),(65,5.0,'Cassandra',2),(65,8.0,'Dora',10),(65,8.0,'Derek',13),(65,6.0,'Shelly',16),(65,6.0,'Ron',33),(65,5.0,'Joe',35),(65,7.0,'Russell',41),(65,3.0,'Guy',53),(65,4.0,'Leo',88),(66,5.0,'Elmer',12),(66,7.0,'Clarence',62),(66,6.0,'Dianne',94),(67,7.0,'Carlos',24),(67,6.0,'Micheal',26),(67,1.0,'Javier',34),(67,6.0,'Irma',35),(67,10.0,'Thomas',46),(67,4.0,'Priscilla',87),(68,6.0,'John',5),(68,8.0,'Julio',24),(68,6.0,'Sonia',27),(68,7.0,'Jo',39),(68,4.0,'Jorge',43),(68,3.0,'Timothy',57),(68,6.0,'Russell',70),(68,7.0,'Joe',87),(69,4.0,'Mattie',15),(69,4.0,'Billy',65),(69,8.0,'Eddie',83),(69,4.0,'Christopher',84),(69,4.0,'Pedro',92),(70,6.0,'Mabel',3),(70,5.0,'Alvin',10),(70,6.0,'Jackie',27),(70,3.0,'Jeffery',30),(70,6.0,'Jorge',37),(70,6.0,'Ralph',55),(70,5.0,'Don',65),(70,1.0,'Neil',73),(70,6.0,'Tony',83),(70,6.0,'Joshua',97),(70,4.0,'Margie',100),(71,2.0,'Steven',20),(71,8.0,'Harold',34),(71,6.0,'Antonio',66),(71,5.0,'Ian',89),(72,7.0,'Walter',64),(72,7.0,'Stella',81),(72,5.0,'Willie',100),(73,6.0,'Marlene',25),(73,7.0,'Andre',37),(73,4.0,'Brett',44),(73,7.0,'Jeffery',52),(73,4.0,'Corey',65),(74,1.0,'Jared',5),(74,6.0,'Jeff',43),(74,7.0,'Cassandra',66),(74,3.0,'Leona',87),(74,5.0,'Willard',94),(74,4.0,'Marlene',95),(74,6.0,'Herman',99),(75,5.0,'Glenn',2),(75,6.0,'Heidi',3),(75,6.0,'Wilma',5),(75,9.0,'Dustin',12),(75,8.0,'Natalie',23),(75,8.0,'Nathan',42),(75,5.0,'Kay',43),(75,8.0,'Floyd',47),(75,4.0,'Calvin',56),(75,7.0,'Carole',63),(75,6.0,'Nelson',66),(75,6.0,'Deanna',70),(75,5.0,'Kristin',72),(75,10.0,'Lydia',76),(75,2.0,'Tanya',81),(75,6.0,'Fernando',84),(75,5.0,'Maxine',91),(76,4.0,'Javier',20),(76,6.0,'Chris',66),(76,6.0,'Erika',73),(76,6.0,'Alan',79),(77,8.0,'Jose',1),(77,6.0,'Willie',13),(77,2.0,'Kristina',16),(77,5.0,'Patsy',19),(77,8.0,'Lydia',27),(77,5.0,'Agnes',31),(77,4.0,'Lewis',51),(77,4.0,'Agnes',73),(77,5.0,'Marsha',81),(77,8.0,'Ryan',82),(78,10.0,'Javier',1),(78,7.0,'Cecil',21),(78,8.0,'Terri',40),(78,2.0,'Pearl',43),(78,5.0,'Maxine',48),(78,4.0,'Andre',57),(78,6.0,'Ray',59),(78,7.0,'Ron',63),(78,9.0,'Fernando',81),(78,7.0,'Georgia',88),(79,3.0,'Vicki',3),(79,7.0,'Melinda',4),(79,5.0,'Ramon',11),(79,5.0,'Sherri',39),(79,5.0,'Frank',56),(79,7.0,'Maurice',57),(79,8.0,'Steven',84),(79,3.0,'Aaron',96),(79,2.0,'Charles',100),(80,6.0,'Charlie',17),(80,4.0,'Gene',19),(80,3.0,'Willie',64),(80,4.0,'Manuel',88),(80,4.0,'Gwendolyn',91),(80,7.0,'Herman',96),(81,4.0,'Patsy',8),(81,6.0,'Willie',33),(81,7.0,'Mae',64),(82,2.0,'Donald',5),(82,3.0,'Manuel',15),(82,5.0,'Vickie',18),(82,3.0,'Harold',42),(83,5.0,'Kristina',1),(83,8.0,'Scott',7),(83,3.0,'Cecil',9),(83,8.0,'Harvey',21),(83,5.0,'Alfredo',39),(83,4.0,'Jack',40),(83,7.0,'Eddie',46),(83,3.0,'Rick',67),(84,5.0,'Vernon',35),(84,7.0,'Wilma',62),(84,4.0,'Lillie',74),(84,7.0,'Jo',90),(85,6.0,'Andrew',7),(85,6.0,'Troy',24),(85,6.0,'Courtney',37),(85,7.0,'Randall',41),(85,5.0,'Clinton',62),(86,4.0,'Pedro',8),(86,6.0,'Philip',31),(86,8.0,'Brent',50),(86,3.0,'Pedro',65),(86,5.0,'Ralph',72),(87,5.0,'Carlos',9),(87,3.0,'Kevin',13),(87,5.0,'Vincent',63),(87,2.0,'Lester',95),(88,1.0,'Vickie',17),(88,6.0,'Robert',24),(88,7.0,'Reginald',57),(88,7.0,'Ronald',60),(88,8.0,'Curtis',72),(88,7.0,'Stanley',78),(88,4.0,'Micheal',93),(88,3.0,'Viola',98),(89,5.0,'Phillip',30),(89,4.0,'Gerald',69),(89,3.0,'Stacey',75),(90,7.0,'Ron',3),(90,6.0,'Lee',8),(90,5.0,'Felicia',47),(90,2.0,'Jaime',59),(90,5.0,'Gerald',73),(90,4.0,'Jeremy',74),(90,7.0,'Milton',78),(90,7.0,'Carlos',84),(90,5.0,'Brian',91),(91,6.0,'Julio',24),(91,4.0,'Isaac',26),(91,7.0,'Walter',27),(91,6.0,'Edwin',35),(91,4.0,'Casey',46),(91,6.0,'Jeanne',51),(91,8.0,'Michael',59),(91,3.0,'Mark',87),(91,7.0,'Jesse',92),(92,5.0,'Lucy',1),(92,5.0,'Dwayne',10),(92,5.0,'Joseph',43),(92,7.0,'Anthony',50),(92,4.0,'Allen',52),(92,7.0,'Bobby',58),(92,5.0,'Terri',70),(92,7.0,'Bradley',79),(92,6.0,'Edwin',84),(92,6.0,'Terry',91),(93,6.0,'Ken',14),(93,5.0,'Mario',17),(93,5.0,'Jesse',60),(93,2.0,'Penny',76),(93,6.0,'Dale',88),(93,6.0,'Felicia',93),(94,8.0,'Vera',5),(94,6.0,'Jack',51),(94,4.0,'Wilma',79),(94,4.0,'Kenneth',80),(94,6.0,'Herbert',85),(94,2.0,'Shawn',87),(94,3.0,'Ryan',100),(95,4.0,'Leon',37),(95,7.0,'Agnes',39),(95,3.0,'Alberto',56),(95,9.0,'Rosemary',59),(95,5.0,'Jon',75),(95,7.0,'Reginald',76),(95,5.0,'Eileen',84),(96,7.0,'Edward',11),(96,2.0,'Armando',16),(96,7.0,'Andrew',21),(96,5.0,'Alfredo',39),(96,7.0,'Georgia',51),(96,5.0,'Hugh',60),(96,9.0,'Bryan',68),(96,9.0,'Kurt',80),(96,4.0,'Alvin',87),(96,7.0,'Gregory',94),(97,7.0,'Sam',10),(97,6.0,'Bob',30),(97,5.0,'Brent',48),(97,3.0,'Jimmy',64),(97,2.0,'Brian',70),(97,6.0,'Daryl',96),(98,8.0,'Melvin',2),(98,7.0,'Harvey',14),(98,3.0,'Raul',32),(98,10.0,'Viola',58),(98,6.0,'Darryl',59),(98,7.0,'Gabriel',66),(98,5.0,'Morris',73),(98,7.0,'Harry',74),(98,8.0,'Carla',91),(99,6.0,'Vickie',7),(99,4.0,'Leah',24),(99,8.0,'Patsy',27),(99,7.0,'Julio',78),(100,3.0,'Dwayne',11),(100,7.0,'Karl',15),(100,5.0,'Byron',16),(100,5.0,'Edwin',43),(101,7.0,'Wayne',23),(101,7.0,'Larry',39),(101,9.0,'Jenny',71),(101,6.0,'Ernest',76),(101,6.0,'Alex',85),(101,3.0,'Gerald',95),(102,5.0,'Tim',1),(102,9.0,'Floyd',12),(102,7.0,'Glen',31),(102,5.0,'Phillip',40),(102,5.0,'Leo',46),(102,3.0,'Phillip',56),(102,4.0,'Lee',62),(102,3.0,'Lucy',78),(103,8.0,'Nelson',41),(103,5.0,'Clayton',57),(103,6.0,'Hilda',65),(103,4.0,'Cassandra',75),(103,6.0,'Lonnie',91),(103,8.0,'Myrtle',93),(103,4.0,'Rick',98),(104,4.0,'Micheal',1),(104,3.0,'Adrian',4),(104,6.0,'Dean',10),(104,4.0,'Victor',14),(104,5.0,'Charles',33),(104,2.0,'Felicia',38),(104,4.0,'Nina',49),(104,6.0,'Marcus',57),(104,7.0,'Vickie',71),(104,5.0,'Toni',77),(104,8.0,'Kenneth',85),(104,8.0,'Francisco',94),(105,4.0,'Cory',4),(105,6.0,'Agnes',7),(105,7.0,'Herbert',26),(105,3.0,'Herbert',44),(105,7.0,'Edwin',56),(105,2.0,'Franklin',63),(105,4.0,'Danny',65),(105,4.0,'Jeanne',67),(105,2.0,'Ralph',94),(105,5.0,'Peter',96),(106,3.0,'Pearl',7),(106,9.0,'Carla',10),(106,4.0,'Lonnie',13),(106,4.0,'Melvin',28),(106,5.0,'Courtney',31),(106,2.0,'Stephen',33),(106,8.0,'Myrtle',42),(106,6.0,'Marian',49),(106,6.0,'Allison',52),(106,5.0,'Brad',77),(106,4.0,'Victor',90),(107,3.0,'Stacey',2),(107,6.0,'Everett',4),(107,4.0,'Jimmy',41),(107,7.0,'Joseph',51),(107,6.0,'Johnnie',60),(107,10.0,'Claudia',80),(107,7.0,'Andrew',90),(107,2.0,'Lillie',97),(108,8.0,'Darrell',5),(108,3.0,'Antonio',8),(108,6.0,'Tyrone',44),(108,5.0,'Mabel',71),(108,7.0,'Gene',95),(109,5.0,'Vera',2),(109,9.0,'Georgia',6),(109,6.0,'Lonnie',32),(109,5.0,'Arlene',47),(109,8.0,'Hilda',48),(109,5.0,'Thomas',72),(109,4.0,'Wesley',78),(109,3.0,'Clifton',93),(109,7.0,'Harvey',95),(110,6.0,'Reginald',23),(110,4.0,'Margie',30),(110,6.0,'Johnny',59),(110,5.0,'Jimmy',72),(110,3.0,'Clyde',91),(111,4.0,'Marvin',5),(111,8.0,'Peter',25),(111,4.0,'Norman',30),(111,7.0,'Jennie',59),(111,8.0,'Marvin',85),(111,5.0,'Phillip',88),(111,4.0,'Brent',90),(112,7.0,'Terry',9),(112,10.0,'Chris',27),(112,10.0,'Ron',34),(112,3.0,'Alexander',63),(112,3.0,'Christy',93),(113,3.0,'Jo',7),(113,8.0,'Larry',18),(113,7.0,'Tamara',27),(113,7.0,'Alvin',30),(113,3.0,'Ryan',65),(113,7.0,'Larry',66),(113,4.0,'Ronnie',75),(113,8.0,'Julio',100),(114,6.0,'Steve',35),(114,5.0,'Wayne',53),(114,2.0,'George',58),(114,4.0,'Kyle',66),(114,4.0,'Jeremy',94),(114,8.0,'Joel',95),(114,3.0,'Mathew',99),(115,8.0,'Gilbert',6),(115,9.0,'Kurt',25),(115,8.0,'Lester',55),(115,7.0,'Willard',59),(115,5.0,'Clifford',60),(115,5.0,'Lance',71),(116,2.0,'Norman',1),(116,5.0,'Travis',6),(116,4.0,'Dale',12),(116,6.0,'Duane',14),(116,7.0,'Brandy',44),(116,6.0,'Glenn',55),(116,5.0,'Darryl',64),(116,5.0,'Russell',77),(116,8.0,'Willie',88),(116,9.0,'Darrell',98),(117,5.0,'Nathan',14),(117,3.0,'Andre',17),(117,8.0,'Jesse',22),(117,3.0,'Alfred',28),(117,6.0,'Patsy',40),(117,7.0,'Terri',52),(117,5.0,'Ryan',60),(117,2.0,'Eileen',86),(118,6.0,'Armando',9),(118,5.0,'Mitchell',42),(118,2.0,'Henry',69),(118,3.0,'Jose',79),(118,6.0,'Justin',95),(119,7.0,'Guy',17),(119,4.0,'Norman',48),(119,7.0,'Johnnie',53),(119,5.0,'Jon',55),(119,7.0,'Vickie',61),(119,4.0,'Jennie',70),(119,7.0,'Willard',79),(119,4.0,'David',81),(119,6.0,'Wesley',83),(120,8.0,'Lester',3),(120,6.0,'Jacob',22),(120,7.0,'Tyler',35),(120,4.0,'Steven',53),(120,6.0,'Micheal',69),(120,3.0,'Frank',79),(120,6.0,'Mae',83),(121,8.0,'Melinda',26),(121,4.0,'Roger',43),(121,7.0,'Henry',52),(121,2.0,'Jeremy',73),(121,5.0,'Ella',84),(121,4.0,'Harold',89),(122,5.0,'Randy',17),(122,4.0,'Jorge',29),(122,8.0,'Margie',41),(122,7.0,'Peter',42),(122,2.0,'Delores',63),(123,1.0,'Roy',8),(123,5.0,'Jack',11),(123,3.0,'Travis',12),(123,6.0,'Tracey',17),(123,7.0,'Matthew',28),(123,4.0,'Joy',57),(123,7.0,'Leona',75),(123,3.0,'Olga',93),(124,9.0,'Vernon',12),(124,6.0,'Luis',16),(124,6.0,'Tom',19),(124,3.0,'Lawrence',28),(124,8.0,'Adam',34),(124,4.0,'Tommy',37),(124,3.0,'Adam',41),(124,8.0,'Caroline',50),(124,4.0,'Marian',54),(124,6.0,'Lena',85),(125,3.0,'Andre',12),(125,6.0,'Claude',22),(125,6.0,'Clayton',31),(125,7.0,'Mattie',67),(125,5.0,'Nathaniel',69),(125,2.0,'Pedro',72),(125,6.0,'Gordon',75),(125,4.0,'Chris',88),(125,9.0,'Edward',94),(126,5.0,'Alfredo',2),(126,7.0,'Heidi',21),(126,8.0,'Bruce',38),(126,10.0,'Melvin',41),(126,9.0,'Nora',42),(126,4.0,'Ken',51),(126,8.0,'Brad',61),(126,6.0,'Sam',83),(126,2.0,'Mae',98),(127,7.0,'Alberto',17),(127,7.0,'Joe',22),(127,5.0,'Mabel',23),(127,9.0,'Robert',28),(127,5.0,'Maxine',50),(127,9.0,'Jamie',55),(127,3.0,'Margie',69),(127,6.0,'Erik',81),(127,5.0,'Kyle',85),(127,8.0,'Terry',99),(128,5.0,'Tyler',5),(128,2.0,'Maxine',47),(128,3.0,'Guy',86),(129,6.0,'Barry',14),(129,6.0,'Brad',26),(129,5.0,'Everett',36),(129,5.0,'Alvin',37),(129,2.0,'Rodney',46),(129,8.0,'Derrick',61),(129,8.0,'Juan',74),(129,7.0,'Eddie',77),(129,7.0,'Dwight',92),(130,5.0,'Raymond',12),(130,2.0,'Jack',22),(130,5.0,'Jessie',51),(130,4.0,'Rick',61),(130,7.0,'Jessie',71),(130,6.0,'Nora',85),(130,8.0,'Leah',87),(130,9.0,'Tom',94),(131,8.0,'Tamara',8),(131,9.0,'Jared',23),(131,5.0,'Francisco',44),(131,2.0,'Elmer',59),(131,5.0,'Manuel',98),(132,8.0,'Jeffery',5),(132,6.0,'Ronnie',15),(132,5.0,'Calvin',18),(132,7.0,'Dwight',19),(132,4.0,'Marvin',20),(132,4.0,'Dean',42),(132,7.0,'Brent',82),(133,6.0,'Pearl',20),(133,7.0,'Andre',48),(133,5.0,'Jesus',54),(133,5.0,'Karl',55),(133,5.0,'Misty',66),(133,6.0,'Randall',75),(133,7.0,'Shawn',83),(134,7.0,'Neil',19),(134,6.0,'Alexander',26),(134,10.0,'Ramon',36),(134,7.0,'Ralph',80),(134,5.0,'Tommy',95),(135,6.0,'Keith',17),(135,8.0,'Albert',35),(135,5.0,'Tonya',48),(135,6.0,'Theodore',54),(136,5.0,'Sidney',6),(136,5.0,'Darren',28),(136,4.0,'Peter',44),(136,4.0,'Minnie',68),(137,5.0,'Elmer',7),(137,5.0,'Bryan',26),(137,3.0,'Tony',34),(137,9.0,'Alvin',37),(137,4.0,'Hilda',50),(137,7.0,'Duane',55),(137,7.0,'Felix',57),(137,5.0,'Patsy',74),(137,7.0,'Dwayne',79),(137,9.0,'Carole',84),(137,3.0,'Maxine',99),(138,7.0,'Hilda',12),(138,4.0,'Misty',17),(138,5.0,'Bobbie',42),(138,6.0,'Julian',52),(138,5.0,'Raul',54),(138,9.0,'Lester',75),(138,6.0,'Albert',92),(138,5.0,'Everett',93),(139,4.0,'Wilma',18),(139,7.0,'Carl',23),(139,4.0,'Jordan',46),(139,4.0,'Alberto',68),(139,5.0,'Ronnie',83),(139,8.0,'Hilda',97),(140,8.0,'Nathan',25),(140,9.0,'Sonia',54),(140,7.0,'Jeff',72),(140,9.0,'Alberto',74),(140,2.0,'Joe',79),(140,5.0,'Timothy',83),(141,4.0,'Caroline',16),(141,6.0,'Curtis',39),(141,10.0,'Richard',42),(141,5.0,'Maureen',43),(141,2.0,'Stacey',48),(141,2.0,'Julio',58),(142,5.0,'Jeanne',17),(142,5.0,'Lester',34),(142,9.0,'Mattie',50),(142,8.0,'Andre',79),(142,5.0,'Michael',88),(142,3.0,'Jim',91),(142,4.0,'Mattie',97),(143,9.0,'Erik',17),(143,5.0,'Guy',29),(143,8.0,'Steve',42),(143,5.0,'Louis',74),(143,7.0,'Dwight',84),(143,9.0,'Ricky',85),(143,10.0,'Edwin',93),(144,4.0,'Curtis',2),(144,9.0,'Robert',26),(144,10.0,'Hector',40),(144,7.0,'Jerry',60),(144,4.0,'Lewis',65),(144,7.0,'Victor',84),(144,10.0,'Christopher',97),(145,6.0,'Fred',5),(145,7.0,'Bobbie',35),(145,6.0,'Don',63),(146,7.0,'Morris',12),(146,4.0,'Miguel',17),(146,5.0,'Gerald',19),(146,6.0,'Sonia',26),(146,6.0,'Penny',31),(146,3.0,'Elmer',36),(146,5.0,'Morris',52),(147,3.0,'Ralph',7),(147,8.0,'Chris',24),(147,3.0,'Violet',26),(147,7.0,'Tamara',43),(147,4.0,'Jennie',64),(147,7.0,'Larry',96),(148,6.0,'Leo',4),(148,9.0,'Byron',35),(148,5.0,'Travis',45),(148,5.0,'Nicholas',46),(148,7.0,'Edward',53),(148,4.0,'Stanley',54),(148,7.0,'Gabriel',59),(148,6.0,'Harold',74),(149,7.0,'David',8),(149,6.0,'Antonio',9),(149,3.0,'Mark',18),(149,5.0,'Shane',62),(149,7.0,'Ronald',76),(150,7.0,'Julian',9),(150,4.0,'Mark',13),(150,4.0,'Lester',21),(150,5.0,'Misty',39),(150,7.0,'Shawn',44),(150,5.0,'Keith',46),(150,4.0,'Stella',49),(150,5.0,'Bobby',52),(150,8.0,'Brandy',95),(151,3.0,'Clyde',3),(151,8.0,'Felix',40),(151,2.0,'Manuel',45),(151,7.0,'Claude',50),(151,3.0,'Terry',54),(151,1.0,'Tonya',61),(151,4.0,'Alex',66),(151,6.0,'Carlos',81),(152,3.0,'Jamie',7),(152,6.0,'Tara',15),(152,5.0,'Hugh',56),(152,6.0,'Billie',73),(152,5.0,'Martin',96),(152,5.0,'Adrian',98),(153,7.0,'Mark',13),(153,7.0,'Kelly',14),(153,4.0,'Franklin',25),(153,6.0,'Vincent',52),(153,4.0,'Tim',54),(153,5.0,'Norman',55),(153,3.0,'Kurt',62),(153,4.0,'Wesley',73),(153,6.0,'Ruben',74),(154,5.0,'Kelly',6),(154,3.0,'Stella',24),(154,6.0,'Neil',26),(154,3.0,'Everett',34),(154,4.0,'Mathew',43),(154,4.0,'Thomas',47),(154,6.0,'Dan',73),(154,6.0,'Margie',77),(154,7.0,'Jacob',96),(155,7.0,'Ted',16),(155,2.0,'Leroy',32),(155,2.0,'Brian',35),(155,2.0,'Mitchell',38),(155,4.0,'Mabel',69),(155,6.0,'Chris',100),(156,5.0,'Eddie',1),(156,5.0,'Clifford',10),(156,7.0,'Robert',24),(156,5.0,'Norman',36),(156,10.0,'Ian',90),(157,5.0,'Donald',51),(157,7.0,'Harold',61),(157,5.0,'Marsha',66),(158,6.0,'Philip',5),(158,4.0,'Billie',21),(158,8.0,'Floyd',27),(158,4.0,'Christopher',34),(158,8.0,'Tony',64),(159,3.0,'Terri',4),(159,3.0,'Maurice',5),(159,8.0,'Ron',49),(159,6.0,'Marvin',58),(159,7.0,'Ivan',69),(160,5.0,'Ivan',7),(160,4.0,'Timothy',28),(160,6.0,'Kevin',64),(160,9.0,'Joshua',66),(160,5.0,'Ruben',79),(160,7.0,'Rick',82),(160,2.0,'Becky',96),(161,3.0,'Roberto',15),(161,9.0,'Albert',35),(161,3.0,'Jo',74),(161,6.0,'Kay',76),(161,4.0,'Jeff',87),(162,5.0,'Caroline',45),(162,7.0,'Chris',48),(162,7.0,'Alfredo',61),(162,6.0,'Ken',72),(162,2.0,'Wesley',93),(162,7.0,'Christopher',99),(163,8.0,'Jaime',13),(163,8.0,'Danny',27),(163,9.0,'Kristin',32),(163,4.0,'Dwayne',48),(163,7.0,'Ray',61),(164,5.0,'Leo',25),(164,6.0,'Kay',34),(164,7.0,'Bryan',49),(164,5.0,'Peter',56),(164,5.0,'Clifton',64),(164,6.0,'Sam',65),(164,4.0,'Johnnie',77),(164,8.0,'Tyler',92),(164,10.0,'Jesus',93),(165,2.0,'Brandon',16),(165,7.0,'Patrick',26),(165,5.0,'Armando',31),(165,6.0,'Carlos',35),(165,9.0,'Glenda',42),(165,4.0,'Terry',67),(165,6.0,'Javier',71),(166,6.0,'Daisy',8),(166,7.0,'Juan',14),(166,7.0,'Carole',26),(166,4.0,'Alfred',47),(166,5.0,'Priscilla',53),(166,5.0,'Randall',64),(166,3.0,'Courtney',69),(166,5.0,'Jorge',70),(166,8.0,'Dwight',74),(166,3.0,'Milton',80),(166,5.0,'Charlie',82),(166,4.0,'Marian',87),(166,4.0,'Thomas',88),(166,5.0,'Lester',95),(167,5.0,'Lloyd',28),(167,6.0,'Harry',42),(167,3.0,'Jackie',64),(167,2.0,'Fred',71),(167,5.0,'Robert',81),(167,5.0,'Bill',88),(167,9.0,'Jesse',89),(168,8.0,'Franklin',14),(168,4.0,'Kelly',42),(168,5.0,'Kevin',47),(168,7.0,'Morris',51),(168,7.0,'Jessie',90),(169,3.0,'Sherri',14),(169,4.0,'Ella',16),(169,7.0,'Frederick',76),(170,4.0,'Ernest',10),(170,4.0,'Luis',40),(171,7.0,'Franklin',1),(171,7.0,'Jaime',6),(171,2.0,'Keith',45),(171,6.0,'Sonia',48),(171,4.0,'Clifton',70),(171,4.0,'Clayton',72),(171,5.0,'Charlene',81),(172,6.0,'Deanna',1),(172,6.0,'Timothy',22),(172,9.0,'Marc',37),(172,5.0,'Harold',38),(172,7.0,'Norman',43),(172,4.0,'Bradley',68),(172,2.0,'Charlene',97),(173,4.0,'Ron',3),(173,10.0,'Charles',11),(173,4.0,'Bobby',15),(173,5.0,'Anthony',35),(173,5.0,'Brett',58),(173,5.0,'Colleen',73),(173,4.0,'Leslie',88),(173,7.0,'Leonard',90),(174,9.0,'Ricardo',12),(174,6.0,'Adam',16),(174,8.0,'Pearl',22),(174,7.0,'Tim',23),(174,10.0,'Billie',30),(174,4.0,'Reginald',48),(174,7.0,'Ivan',94),(175,8.0,'Marc',9),(175,4.0,'Don',17),(175,6.0,'Dwight',21),(175,6.0,'Nina',32),(175,6.0,'Kevin',48),(175,6.0,'Jerome',82),(175,10.0,'Jesse',93),(176,7.0,'Alfredo',2),(176,5.0,'Jesse',4),(176,4.0,'Kay',33),(176,3.0,'Morris',35),(176,3.0,'Alberto',46),(176,5.0,'Floyd',63),(177,5.0,'Eric',6),(177,8.0,'David',7),(177,7.0,'Nora',23),(177,8.0,'Albert',27),(177,2.0,'Stephen',66),(177,9.0,'Javier',80),(177,4.0,'Reginald',86),(177,7.0,'Jon',95),(178,9.0,'Nellie',7),(178,3.0,'Aaron',31),(178,8.0,'Philip',54),(178,3.0,'Alfred',75),(178,5.0,'Ryan',80),(178,7.0,'Minnie',84),(178,6.0,'Stacey',100),(179,4.0,'Dave',35),(179,7.0,'Jorge',49),(179,5.0,'Lewis',51),(179,9.0,'Howard',90),(179,6.0,'Kurt',92),(179,7.0,'Samuel',93),(180,5.0,'Samuel',35),(180,3.0,'Lonnie',37),(180,3.0,'Edwin',50),(180,9.0,'Courtney',73),(181,5.0,'Alberto',6),(181,6.0,'Rick',12),(181,6.0,'Courtney',53),(181,6.0,'Glenda',54),(181,7.0,'Charlie',62),(181,9.0,'Matthew',65),(181,7.0,'Armando',70),(181,5.0,'Edward',75),(181,6.0,'Roger',81),(181,8.0,'Derrick',83),(181,5.0,'Javier',84),(181,6.0,'Jordan',96),(182,4.0,'Jacob',7),(182,6.0,'Peter',12),(182,8.0,'Jay',29),(182,6.0,'Philip',33),(182,6.0,'Craig',36),(182,8.0,'Rosemary',68),(182,5.0,'Ivan',74),(182,6.0,'Stanley',78),(182,3.0,'Curtis',85),(183,4.0,'Lee',11),(183,6.0,'Joshua',40),(183,4.0,'Jon',45),(183,4.0,'Nora',68),(183,4.0,'Tim',90),(184,6.0,'Eileen',23),(184,3.0,'Don',43),(184,6.0,'Mark',47),(184,6.0,'Tim',55),(184,3.0,'Joe',63),(184,9.0,'Mario',75),(184,4.0,'Theodore',76),(184,4.0,'Charlene',80),(184,3.0,'Raymond',82),(184,4.0,'Glen',92),(185,2.0,'Caroline',10),(185,5.0,'Brad',12),(185,3.0,'Dwight',16),(185,4.0,'Gerald',30),(185,7.0,'Marc',32),(185,8.0,'Roberto',37),(185,7.0,'Allison',54),(185,6.0,'Ian',65),(185,5.0,'Howard',67),(185,6.0,'Marcia',69),(186,6.0,'Francis',38),(186,9.0,'Samuel',43),(186,6.0,'Heidi',45),(186,8.0,'Don',47),(186,6.0,'Derrick',77),(186,8.0,'Brian',82),(186,3.0,'Dwayne',87),(186,4.0,'Russell',88),(187,8.0,'Terry',18),(187,4.0,'Lydia',21),(187,5.0,'Gabriel',59),(187,6.0,'Roberto',75),(187,4.0,'Raul',85),(188,6.0,'Jimmie',6),(188,10.0,'George',18),(188,7.0,'Ian',30),(188,4.0,'Marian',37),(188,9.0,'Gilbert',41),(188,2.0,'Terri',43),(188,4.0,'Hugh',60),(188,4.0,'Gabriel',61),(188,7.0,'Jennie',67),(188,6.0,'Martin',80),(188,7.0,'Hugh',82),(189,2.0,'Joel',8),(189,9.0,'Jorge',10),(189,6.0,'Vickie',18),(189,5.0,'Scott',28),(189,7.0,'Elmer',33),(189,7.0,'Andre',41),(189,6.0,'Mabel',48),(189,7.0,'Danny',52),(189,4.0,'Kenneth',55),(189,4.0,'Cecil',70),(189,2.0,'Ronald',80),(189,5.0,'Manuel',85),(190,4.0,'Kristina',10),(190,5.0,'Juan',15),(190,8.0,'Christy',40),(190,5.0,'Claude',70),(190,6.0,'Cody',85),(190,4.0,'Velma',97),(191,4.0,'Leon',19),(191,9.0,'Jim',46),(191,6.0,'Ricky',80),(191,5.0,'Lloyd',98),(191,5.0,'Greg',99),(192,5.0,'Leo',20),(192,8.0,'Willie',25),(192,5.0,'Sonia',60),(192,6.0,'Rick',79),(192,5.0,'Barry',81),(192,6.0,'Albert',82),(192,5.0,'Brian',87),(193,6.0,'Paul',32),(193,1.0,'Alexander',36),(193,5.0,'Daisy',64),(193,4.0,'Mattie',79),(193,6.0,'Pedro',80),(194,4.0,'Gary',5),(194,5.0,'Barry',16),(194,2.0,'Philip',26),(194,9.0,'Mattie',36),(194,6.0,'Lydia',100),(195,2.0,'Edward',1),(195,8.0,'Jared',5),(195,3.0,'Mario',9),(195,2.0,'Melinda',16),(195,5.0,'Ricardo',35),(195,5.0,'Lena',60),(195,7.0,'Rick',61),(195,7.0,'Steve',64),(195,7.0,'Albert',65),(195,9.0,'Joel',67),(195,5.0,'Allan',69),(196,5.0,'Kevin',23),(196,4.0,'Edgar',38),(196,10.0,'Sam',39),(196,7.0,'Misty',59),(196,5.0,'Richard',64),(196,3.0,'Marlene',69),(196,3.0,'Tamara',73),(196,7.0,'Bobby',82),(196,4.0,'Curtis',91),(197,7.0,'Julio',32),(197,7.0,'Glenn',51),(197,6.0,'Nelson',69),(198,4.0,'Leroy',22),(198,8.0,'Willard',26),(198,6.0,'Dwight',29),(198,2.0,'Timothy',37),(198,4.0,'Allison',38),(198,3.0,'Lydia',39),(199,7.0,'Jack',1),(199,7.0,'Jo',2),(199,7.0,'Jennie',23),(199,9.0,'Johnnie',46),(199,2.0,'Benjamin',64),(199,3.0,'Christy',70),(199,3.0,'Albert',83),(199,7.0,'Wallace',89),(199,6.0,'Mabel',99),(200,6.0,'Fred',14),(200,5.0,'Georgia',23),(200,2.0,'Eugene',64),(200,5.0,'Clifford',70),(200,4.0,'Stella',81),(200,4.0,'Kenneth',82),(200,6.0,'Mattie',88),(200,7.0,'Jeanne',95);
/*!40000 ALTER TABLE `cast` ENABLE KEYS */;
UNLOCK TABLES;

--
-- Table structure for table `client`
--

DROP TABLE IF EXISTS `client`;
/*!40101 SET @saved_cs_client     = @@character_set_client */;
 SET character_set_client = utf8mb4 ;
CREATE TABLE `client` (
  `id_client` int(11) NOT NULL AUTO_INCREMENT,
  `client_first_name` varchar(45) NOT NULL,
  `client_last_name` varchar(45) NOT NULL,
  `registration_date` datetime NOT NULL,
  `email` varchar(45) DEFAULT NULL,
  `number` int(11) DEFAULT NULL,
  `id_rental_office` int(11) NOT NULL,
  `id_adress` int(11) NOT NULL,
  PRIMARY KEY (`id_client`,`id_rental_office`,`id_adress`),
  UNIQUE KEY `id_adress_UNIQUE` (`id_adress`),
  KEY `fk_client_rental_office1_idx` (`id_rental_office`),
  KEY `fk_client_adress1_idx` (`id_adress`),
  CONSTRAINT `fk_client_adress1` FOREIGN KEY (`id_adress`) REFERENCES `adress` (`id_adress`),
  CONSTRAINT `fk_client_rental_office1` FOREIGN KEY (`id_rental_office`) REFERENCES `rental_office` (`id_rental_office`)
) ENGINE=InnoDB AUTO_INCREMENT=301 DEFAULT CHARSET=utf8;
/*!40101 SET character_set_client = @saved_cs_client */;

--
-- Dumping data for table `client`
--

LOCK TABLES `client` WRITE;
/*!40000 ALTER TABLE `client` DISABLE KEYS */;
INSERT INTO `client` VALUES (1,'Mary','Smith','2006-09-06 00:00:00','mary.smith@gmail.com',865159303,1,36),(2,'Patricia','Johnson','2004-06-22 00:00:00','patricia.johnson@gmail.com',716665033,1,37),(3,'Linda','Williams','2011-03-14 00:00:00','linda.williams@gmail.com',704869319,1,38),(4,'Barbara','Jones','2014-05-05 00:00:00','barbara.jones@gmail.com',506192002,2,39),(5,'Elizabeth','Brown','2014-10-11 00:00:00','elizabeth.brown@gmail.com',607744743,1,40),(6,'Jennifer','Davis','2005-07-17 00:00:00','jennifer.davis@gmail.com',792159495,2,41),(7,'Maria','Miller','2002-06-14 00:00:00','maria.miller@gmail.com',887520385,1,42),(8,'Susan','Wilson','1997-09-10 00:00:00','susan.wilson@gmail.com',997398160,2,43),(9,'Margaret','Moore','2007-10-22 00:00:00','margaret.moore@gmail.com',681656960,2,44),(10,'Dorothy','Taylor','2014-03-16 00:00:00','dorothy.taylor@gmail.com',669758853,1,45),(11,'Lisa','Anderson','2003-12-15 00:00:00','lisa.anderson@gmail.com',853150607,2,46),(12,'Nancy','Thomas','1996-07-30 00:00:00','nancy.thomas@gmail.com',800930352,1,47),(13,'Karen','Jackson','2011-07-30 00:00:00','karen.jackson@gmail.com',935943902,2,48),(14,'Betty','White','2006-01-20 00:00:00','betty.white@gmail.com',847533623,2,49),(15,'Helen','Harris','2005-01-19 00:00:00','helen.harris@gmail.com',607029573,1,50),(16,'Sandra','Martin','2000-09-05 00:00:00','sandra.martin@gmail.com',856825383,2,51),(17,'Donna','Thompson','2014-04-04 00:00:00','donna.thompson@gmail.com',764903258,1,52),(18,'Carol','Garcia','2012-12-21 00:00:00','carol.garcia@gmail.com',748559129,2,53),(19,'Ruth','Martinez','2013-07-24 00:00:00','ruth.martinez@gmail.com',820858968,1,54),(20,'Sharon','Robinson','2011-11-26 00:00:00','sharon.robinson@gmail.com',851769350,2,55),(21,'Michelle','Clark','2007-08-09 00:00:00','michelle.clark@gmail.com',698534326,1,56),(22,'Laura','Rodriguez','2008-05-09 00:00:00','laura.rodriguez@gmail.com',548180415,1,57),(23,'Sarah','Lewis','2009-02-14 00:00:00','sarah.lewis@gmail.com',993819648,2,58),(24,'Kimberly','Lee','2009-03-21 00:00:00','kimberly.lee@gmail.com',814527181,2,59),(25,'Deborah','Walker','2012-12-03 00:00:00','deborah.walker@gmail.com',600685296,1,60),(26,'Jessica','Hall','2000-03-14 00:00:00','jessica.hall@gmail.com',807906072,2,61),(27,'Shirley','Allen','2002-12-14 00:00:00','shirley.allen@gmail.com',849621916,2,62),(28,'Cynthia','Young','1999-09-02 00:00:00','cynthia.young@gmail.com',673426760,1,63),(29,'Angela','Hernandez','2005-10-25 00:00:00','angela.hernandez@gmail.com',541515268,2,64),(30,'Melissa','King','2006-10-05 00:00:00','melissa.king@gmail.com',638301512,1,65),(31,'Brenda','Wright','2002-03-07 00:00:00','brenda.wright@gmail.com',749632598,2,66),(32,'Amy','Lopez','1995-11-23 00:00:00','amy.lopez@gmail.com',944565570,1,67),(33,'Anna','Hill','2010-07-23 00:00:00','anna.hill@gmail.com',690942761,2,68),(34,'Rebecca','Scott','2000-05-14 00:00:00','rebecca.scott@gmail.com',797990334,2,69),(35,'Virginia','Green','2012-05-11 00:00:00','virginia.green@gmail.com',998001354,2,70),(36,'Kathleen','Adams','2006-10-07 00:00:00','kathleen.adams@gmail.com',882380256,2,71),(37,'Pamela','Baker','2010-12-16 00:00:00','pamela.baker@gmail.com',929799775,1,72),(38,'Martha','Gonzalez','2000-12-19 00:00:00','martha.gonzalez@gmail.com',804293604,1,73),(39,'Debra','Nelson','2006-05-03 00:00:00','debra.nelson@gmail.com',534779493,1,74),(40,'Amanda','Carter','1996-08-09 00:00:00','amanda.carter@gmail.com',810568163,2,75),(41,'Stephanie','Mitchell','2003-11-19 00:00:00','stephanie.mitchell@gmail.com',657734082,1,76),(42,'Carolyn','Perez','2007-06-21 00:00:00','carolyn.perez@gmail.com',526135961,2,77),(43,'Christine','Roberts','2005-11-18 00:00:00','christine.roberts@gmail.com',869492424,2,78),(44,'Marie','Turner','2006-11-21 00:00:00','marie.turner@gmail.com',938353940,1,79),(45,'Janet','Phillips','2008-09-02 00:00:00','janet.phillips@gmail.com',709466268,1,80),(46,'Catherine','Campbell','2002-09-18 00:00:00','catherine.campbell@gmail.com',534675771,2,81),(47,'Frances','Parker','2009-09-25 00:00:00','frances.parker@gmail.com',803207648,1,82),(48,'Ann','Evans','2001-11-17 00:00:00','ann.evans@gmail.com',638236577,1,83),(49,'Joyce','Edwards','2003-07-17 00:00:00','joyce.edwards@gmail.com',669620936,2,84),(50,'Diane','Collins','2008-02-12 00:00:00','diane.collins@gmail.com',888360460,1,85),(51,'Alice','Stewart','1996-05-12 00:00:00','alice.stewart@gmail.com',786522690,1,86),(52,'Julie','Sanchez','2005-11-10 00:00:00','julie.sanchez@gmail.com',846095851,1,87),(53,'Heather','Morris','2012-05-08 00:00:00','heather.morris@gmail.com',596573283,1,88),(54,'Teresa','Rogers','2001-04-30 00:00:00','teresa.rogers@gmail.com',528560611,1,89),(55,'Doris','Reed','2007-10-08 00:00:00','doris.reed@gmail.com',650524301,2,90),(56,'Gloria','Cook','1996-01-08 00:00:00','gloria.cook@gmail.com',822190564,1,91),(57,'Evelyn','Morgan','2003-03-07 00:00:00','evelyn.morgan@gmail.com',988836187,2,92),(58,'Jean','Bell','2010-11-23 00:00:00','jean.bell@gmail.com',726530574,1,93),(59,'Cheryl','Murphy','1996-07-31 00:00:00','cheryl.murphy@gmail.com',650110128,1,94),(60,'Mildred','Bailey','2004-03-16 00:00:00','mildred.bailey@gmail.com',696131180,1,95),(61,'Katherine','Rivera','2010-10-25 00:00:00','katherine.rivera@gmail.com',744555510,2,96),(62,'Joan','Cooper','2000-05-28 00:00:00','joan.cooper@gmail.com',951088367,1,97),(63,'Ashley','Richardson','1997-01-22 00:00:00','ashley.richardson@gmail.com',729049594,1,98),(64,'Judith','Cox','2002-11-06 00:00:00','judith.cox@gmail.com',532929052,2,99),(65,'Rose','Howard','2013-09-07 00:00:00','rose.howard@gmail.com',748694787,2,100),(66,'Janice','Ward','1999-07-15 00:00:00','janice.ward@gmail.com',693148302,2,101),(67,'Kelly','Torres','2006-01-06 00:00:00','kelly.torres@gmail.com',838443999,1,102),(68,'Nicole','Peterson','2006-02-04 00:00:00','nicole.peterson@gmail.com',820361743,1,103),(69,'Judy','Gray','2000-08-11 00:00:00','judy.gray@gmail.com',501550358,2,104),(70,'Christina','Ramirez','2011-08-21 00:00:00','christina.ramirez@gmail.com',965153664,2,105),(71,'Kathy','James','1997-08-14 00:00:00','kathy.james@gmail.com',506177143,1,106),(72,'Theresa','Watson','2012-08-11 00:00:00','theresa.watson@gmail.com',930741998,2,107),(73,'Beverly','Brooks','2011-08-03 00:00:00','beverly.brooks@gmail.com',799468588,2,108),(74,'Denise','Kelly','2001-02-05 00:00:00','denise.kelly@gmail.com',947001773,1,109),(75,'Tammy','Sanders','1995-11-13 00:00:00','tammy.sanders@gmail.com',700565199,2,110),(76,'Irene','Price','2002-10-04 00:00:00','irene.price@gmail.com',704107073,2,111),(77,'Jane','Bennett','2006-08-11 00:00:00','jane.bennett@gmail.com',527265510,2,112),(78,'Lori','Wood','2004-10-28 00:00:00','lori.wood@gmail.com',662212571,1,113),(79,'Rachel','Barnes','2002-07-07 00:00:00','rachel.barnes@gmail.com',772939991,1,114),(80,'Marilyn','Ross','2013-04-28 00:00:00','marilyn.ross@gmail.com',942497796,1,115),(81,'Andrea','Henderson','2014-10-21 00:00:00','andrea.henderson@gmail.com',825085211,1,116),(82,'Kathryn','Coleman','1996-05-14 00:00:00','kathryn.coleman@gmail.com',931913986,1,117),(83,'Louise','Jenkins','2002-01-03 00:00:00','louise.jenkins@gmail.com',698567789,1,118),(84,'Sara','Perry','2002-09-08 00:00:00','sara.perry@gmail.com',888292725,2,119),(85,'Anne','Powell','1998-10-01 00:00:00','anne.powell@gmail.com',806486262,2,120),(86,'Jacqueline','Long','2012-02-08 00:00:00','jacqueline.long@gmail.com',796642116,2,121),(87,'Wanda','Patterson','2001-07-26 00:00:00','wanda.patterson@gmail.com',877290189,1,122),(88,'Bonnie','Hughes','2012-06-11 00:00:00','bonnie.hughes@gmail.com',775681869,2,123),(89,'Julia','Flores','2003-10-09 00:00:00','julia.flores@gmail.com',558684736,1,124),(90,'Ruby','Washington','2006-10-04 00:00:00','ruby.washington@gmail.com',973890507,2,125),(91,'Lois','Butler','2013-02-21 00:00:00','lois.butler@gmail.com',800435414,2,126),(92,'Tina','Simmons','2005-11-24 00:00:00','tina.simmons@gmail.com',529289829,2,127),(93,'Phyllis','Foster','2014-12-19 00:00:00','phyllis.foster@gmail.com',709844999,1,128),(94,'Norma','Gonzales','2001-12-07 00:00:00','norma.gonzales@gmail.com',896427725,1,129),(95,'Paula','Bryant','2008-03-03 00:00:00','paula.bryant@gmail.com',746777899,2,130),(96,'Diana','Alexander','2014-04-08 00:00:00','diana.alexander@gmail.com',519966047,1,131),(97,'Annie','Russell','2006-01-29 00:00:00','annie.russell@gmail.com',991359254,2,132),(98,'Lillian','Griffin','2003-11-06 00:00:00','lillian.griffin@gmail.com',569219216,1,133),(99,'Emily','Diaz','1998-06-10 00:00:00','emily.diaz@gmail.com',983731862,2,134),(100,'Robin','Hayes','1999-02-20 00:00:00','robin.hayes@gmail.com',753370512,1,135),(101,'Peggy','Myers','1996-04-01 00:00:00','peggy.myers@gmail.com',929033430,1,136),(102,'Crystal','Ford','2014-08-31 00:00:00','crystal.ford@gmail.com',803455027,1,137),(103,'Gladys','Hamilton','2012-12-21 00:00:00','gladys.hamilton@gmail.com',518151609,1,138),(104,'Rita','Graham','2000-05-09 00:00:00','rita.graham@gmail.com',932095261,1,139),(105,'Dawn','Sullivan','2008-03-04 00:00:00','dawn.sullivan@gmail.com',798957190,1,140),(106,'Connie','Wallace','1996-11-08 00:00:00','connie.wallace@gmail.com',661013441,1,141),(107,'Florence','Woods','1999-08-17 00:00:00','florence.woods@gmail.com',720965424,1,142),(108,'Tracy','Cole','2008-02-03 00:00:00','tracy.cole@gmail.com',710382460,1,143),(109,'Edna','West','2006-05-30 00:00:00','edna.west@gmail.com',961380780,2,144),(110,'Tiffany','Jordan','2000-04-08 00:00:00','tiffany.jordan@gmail.com',536355530,2,145),(111,'Carmen','Owens','2009-12-05 00:00:00','carmen.owens@gmail.com',803019420,1,146),(112,'Rosa','Reynolds','2000-03-17 00:00:00','rosa.reynolds@gmail.com',522044062,2,147),(113,'Cindy','Fisher','2004-01-28 00:00:00','cindy.fisher@gmail.com',610582279,2,148),(114,'Grace','Ellis','1999-05-08 00:00:00','grace.ellis@gmail.com',760036663,2,149),(115,'Wendy','Harrison','2007-12-14 00:00:00','wendy.harrison@gmail.com',559610045,1,150),(116,'Victoria','Gibson','1995-11-20 00:00:00','victoria.gibson@gmail.com',753997437,1,151),(117,'Edith','Mcdonald','2008-02-13 00:00:00','edith.mcdonald@gmail.com',979992769,1,152),(118,'Kim','Cruz','2006-06-13 00:00:00','kim.cruz@gmail.com',562730107,1,153),(119,'Sherry','Marshall','2007-01-08 00:00:00','sherry.marshall@gmail.com',746799088,1,154),(120,'Sylvia','Ortiz','2012-01-13 00:00:00','sylvia.ortiz@gmail.com',654656951,2,155),(121,'Josephine','Gomez','2006-08-28 00:00:00','josephine.gomez@gmail.com',863208744,1,156),(122,'Thelma','Murray','2012-06-19 00:00:00','thelma.murray@gmail.com',685231325,1,157),(123,'Shannon','Freeman','1996-07-18 00:00:00','shannon.freeman@gmail.com',544573525,2,158),(124,'Sheila','Wells','1998-01-25 00:00:00','sheila.wells@gmail.com',579289065,1,159),(125,'Ethel','Webb','2014-10-02 00:00:00','ethel.webb@gmail.com',787164766,1,160),(126,'Ellen','Simpson','1995-10-31 00:00:00','ellen.simpson@gmail.com',914047419,1,161),(127,'Elaine','Stevens','2013-10-25 00:00:00','elaine.stevens@gmail.com',834851759,2,162),(128,'Marjorie','Tucker','2000-06-06 00:00:00','marjorie.tucker@gmail.com',806094226,1,163),(129,'Carrie','Porter','2012-03-15 00:00:00','carrie.porter@gmail.com',844515085,1,164),(130,'Charlotte','Hunter','2010-03-02 00:00:00','charlotte.hunter@gmail.com',773792991,1,165),(131,'Monica','Hicks','2004-08-25 00:00:00','monica.hicks@gmail.com',848213663,2,166),(132,'Esther','Crawford','2005-11-04 00:00:00','esther.crawford@gmail.com',967766677,2,167),(133,'Pauline','Henry','2002-09-06 00:00:00','pauline.henry@gmail.com',798105337,1,168),(134,'Emma','Boyd','1997-11-18 00:00:00','emma.boyd@gmail.com',560531058,1,169),(135,'Juanita','Mason','2012-03-18 00:00:00','juanita.mason@gmail.com',585430355,2,170),(136,'Anita','Morales','2011-03-15 00:00:00','anita.morales@gmail.com',670682726,2,171),(137,'Rhonda','Kennedy','2013-09-11 00:00:00','rhonda.kennedy@gmail.com',764263090,2,172),(138,'Hazel','Warren','1997-08-23 00:00:00','hazel.warren@gmail.com',528847079,1,173),(139,'Amber','Dixon','2007-05-16 00:00:00','amber.dixon@gmail.com',738597172,1,174),(140,'Eva','Ramos','1997-06-11 00:00:00','eva.ramos@gmail.com',862423509,1,175),(141,'Debbie','Reyes','2002-06-03 00:00:00','debbie.reyes@gmail.com',811877339,1,176),(142,'April','Burns','2005-08-13 00:00:00','april.burns@gmail.com',938885513,1,177),(143,'Leslie','Gordon','2007-05-30 00:00:00','leslie.gordon@gmail.com',556584311,1,178),(144,'Clara','Shaw','1999-09-16 00:00:00','clara.shaw@gmail.com',607854449,1,179),(145,'Lucille','Holmes','1997-03-22 00:00:00','lucille.holmes@gmail.com',660470428,1,180),(146,'Jamie','Rice','1999-05-08 00:00:00','jamie.rice@gmail.com',962269674,1,181),(147,'Joanne','Robertson','2005-10-08 00:00:00','joanne.robertson@gmail.com',660556891,2,182),(148,'Eleanor','Hunt','2002-04-19 00:00:00','eleanor.hunt@gmail.com',778788797,1,183),(149,'Valerie','Black','2010-05-31 00:00:00','valerie.black@gmail.com',980188729,1,184),(150,'Danielle','Daniels','1996-09-08 00:00:00','danielle.daniels@gmail.com',629211503,2,185),(151,'Megan','Palmer','2005-10-31 00:00:00','megan.palmer@gmail.com',962603895,2,186),(152,'Alicia','Mills','2010-05-29 00:00:00','alicia.mills@gmail.com',974263751,1,187),(153,'Suzanne','Nichols','1997-09-26 00:00:00','suzanne.nichols@gmail.com',679834613,2,188),(154,'Michele','Grant','2014-04-18 00:00:00','michele.grant@gmail.com',604182725,2,189),(155,'Gail','Knight','2000-12-07 00:00:00','gail.knight@gmail.com',734189619,1,190),(156,'Bertha','Ferguson','2000-12-05 00:00:00','bertha.ferguson@gmail.com',650701892,1,191),(157,'Darlene','Rose','1996-09-15 00:00:00','darlene.rose@gmail.com',773092326,2,192),(158,'Veronica','Stone','1999-11-07 00:00:00','veronica.stone@gmail.com',639652720,1,193),(159,'Jill','Hawkins','1998-12-22 00:00:00','jill.hawkins@gmail.com',702186387,1,194),(160,'Erin','Dunn','2007-07-27 00:00:00','erin.dunn@gmail.com',993581424,2,195),(161,'Geraldine','Perkins','1996-05-08 00:00:00','geraldine.perkins@gmail.com',953968504,1,196),(162,'Lauren','Hudson','2006-08-05 00:00:00','lauren.hudson@gmail.com',946562985,2,197),(163,'Cathy','Spencer','1997-10-14 00:00:00','cathy.spencer@gmail.com',670393630,1,198),(164,'Joann','Gardner','1996-02-16 00:00:00','joann.gardner@gmail.com',944115336,2,199),(165,'Lorraine','Stephens','2000-03-31 00:00:00','lorraine.stephens@gmail.com',707439162,2,200),(166,'Lynn','Payne','2012-04-15 00:00:00','lynn.payne@gmail.com',602064681,1,201),(167,'Sally','Pierce','2000-12-27 00:00:00','sally.pierce@gmail.com',737994597,2,202),(168,'Regina','Berry','2010-01-26 00:00:00','regina.berry@gmail.com',885268274,1,203),(169,'Erica','Matthews','2001-09-15 00:00:00','erica.matthews@gmail.com',753695970,2,204),(170,'Beatrice','Arnold','2007-07-16 00:00:00','beatrice.arnold@gmail.com',572245539,1,205),(171,'Dolores','Wagner','2005-01-15 00:00:00','dolores.wagner@gmail.com',916359596,2,206),(172,'Bernice','Willis','2008-06-26 00:00:00','bernice.willis@gmail.com',568987782,1,207),(173,'Audrey','Ray','2005-02-10 00:00:00','audrey.ray@gmail.com',761205937,1,208),(174,'Yvonne','Watkins','2008-09-03 00:00:00','yvonne.watkins@gmail.com',770907045,2,209),(175,'Annette','Olson','2010-11-19 00:00:00','annette.olson@gmail.com',503675609,1,210),(176,'June','Carroll','2009-09-20 00:00:00','june.carroll@gmail.com',812832892,1,211),(177,'Samantha','Duncan','2011-10-17 00:00:00','samantha.duncan@gmail.com',939484749,2,212),(178,'Marion','Snyder','2005-05-24 00:00:00','marion.snyder@gmail.com',507296215,2,213),(179,'Dana','Hart','1998-09-08 00:00:00','dana.hart@gmail.com',968430146,1,214),(180,'Stacy','Cunningham','2001-10-18 00:00:00','stacy.cunningham@gmail.com',742265855,2,215),(181,'Ana','Bradley','2012-12-22 00:00:00','ana.bradley@gmail.com',954539289,2,216),(182,'Renee','Lane','2000-02-25 00:00:00','renee.lane@gmail.com',534451997,1,217),(183,'Ida','Andrews','1999-10-20 00:00:00','ida.andrews@gmail.com',678529582,2,218),(184,'Vivian','Ruiz','1996-02-05 00:00:00','vivian.ruiz@gmail.com',765994080,1,219),(185,'Roberta','Harper','1998-02-04 00:00:00','roberta.harper@gmail.com',876515952,1,220),(186,'Holly','Fox','2012-08-24 00:00:00','holly.fox@gmail.com',678448153,2,221),(187,'Brittany','Riley','1996-07-14 00:00:00','brittany.riley@gmail.com',628433331,2,222),(188,'Melanie','Armstrong','2014-08-15 00:00:00','melanie.armstrong@gmail.com',919220746,1,223),(189,'Loretta','Carpenter','2000-05-14 00:00:00','loretta.carpenter@gmail.com',666405597,1,224),(190,'Yolanda','Weaver','2002-03-10 00:00:00','yolanda.weaver@gmail.com',682036986,2,225),(191,'Jeanette','Greene','1997-12-17 00:00:00','jeanette.greene@gmail.com',714139519,1,226),(192,'Laurie','Lawrence','2002-03-05 00:00:00','laurie.lawrence@gmail.com',838937836,1,227),(193,'Katie','Elliott','2007-07-19 00:00:00','katie.elliott@gmail.com',975263027,2,228),(194,'Kristen','Chavez','2002-11-23 00:00:00','kristen.chavez@gmail.com',998584379,2,229),(195,'Vanessa','Sims','1997-04-16 00:00:00','vanessa.sims@gmail.com',915431697,1,230),(196,'Alma','Austin','2012-04-11 00:00:00','alma.austin@gmail.com',898371527,1,231),(197,'Sue','Peters','2003-12-01 00:00:00','sue.peters@gmail.com',759852387,2,232),(198,'Elsie','Kelley','1995-11-09 00:00:00','elsie.kelley@gmail.com',676846539,2,233),(199,'Beth','Franklin','2013-05-11 00:00:00','beth.franklin@gmail.com',772078092,2,234),(200,'Jeanne','Lawson','1997-11-18 00:00:00','jeanne.lawson@gmail.com',593103262,2,235),(201,'Vicki','Fields','1997-04-16 00:00:00','vicki.fields@gmail.com',955912291,1,236),(202,'Carla','Gutierrez','2014-05-01 00:00:00','carla.gutierrez@gmail.com',752154828,2,237),(203,'Tara','Ryan','2007-04-25 00:00:00','tara.ryan@gmail.com',702348062,1,238),(204,'Rosemary','Schmidt','2011-09-23 00:00:00','rosemary.schmidt@gmail.com',796645999,1,239),(205,'Eileen','Carr','2000-06-13 00:00:00','eileen.carr@gmail.com',508507611,2,240),(206,'Terri','Vasquez','2014-11-09 00:00:00','terri.vasquez@gmail.com',823373676,1,241),(207,'Gertrude','Castillo','2012-12-21 00:00:00','gertrude.castillo@gmail.com',684291752,1,242),(208,'Lucy','Wheeler','2004-08-02 00:00:00','lucy.wheeler@gmail.com',568238049,1,243),(209,'Tonya','Chapman','2009-10-24 00:00:00','tonya.chapman@gmail.com',632072402,2,244),(210,'Ella','Oliver','2010-08-11 00:00:00','ella.oliver@gmail.com',978995713,2,245),(211,'Stacey','Montgomery','2010-01-04 00:00:00','stacey.montgomery@gmail.com',786069101,1,246),(212,'Wilma','Richards','2006-12-22 00:00:00','wilma.richards@gmail.com',704093706,2,247),(213,'Gina','Williamson','2010-07-25 00:00:00','gina.williamson@gmail.com',886970415,1,248),(214,'Kristin','Johnston','2010-02-06 00:00:00','kristin.johnston@gmail.com',899999413,1,249),(215,'Jessie','Banks','2004-11-15 00:00:00','jessie.banks@gmail.com',850650889,2,250),(216,'Natalie','Meyer','2010-12-21 00:00:00','natalie.meyer@gmail.com',641683099,1,251),(217,'Agnes','Bishop','1996-08-09 00:00:00','agnes.bishop@gmail.com',700227978,2,252),(218,'Vera','Mccoy','1998-11-28 00:00:00','vera.mccoy@gmail.com',570350781,1,253),(219,'Willie','Howell','1995-12-25 00:00:00','willie.howell@gmail.com',924569075,2,254),(220,'Charlene','Alvarez','2006-09-08 00:00:00','charlene.alvarez@gmail.com',595646684,2,255),(221,'Bessie','Morrison','2007-07-06 00:00:00','bessie.morrison@gmail.com',536291831,1,256),(223,'Melinda','Fernandez','1996-10-02 00:00:00','melinda.fernandez@gmail.com',626708174,1,258),(224,'Pearl','Garza','1998-11-02 00:00:00','pearl.garza@gmail.com',509501080,2,259),(225,'Arlene','Harvey','2007-02-11 00:00:00','arlene.harvey@gmail.com',761561702,1,260),(226,'Maureen','Little','2012-07-24 00:00:00','maureen.little@gmail.com',559271701,2,261),(227,'Colleen','Burton','2010-02-20 00:00:00','colleen.burton@gmail.com',927139478,1,262),(228,'Allison','Stanley','2003-12-09 00:00:00','allison.stanley@gmail.com',628580590,2,263),(229,'Tamara','Nguyen','2000-03-01 00:00:00','tamara.nguyen@gmail.com',508024046,1,264),(230,'Joy','George','2002-02-03 00:00:00','joy.george@gmail.com',945318829,2,265),(231,'Georgia','Jacobs','2007-06-12 00:00:00','georgia.jacobs@gmail.com',951819956,1,266),(232,'Constance','Reid','2000-12-26 00:00:00','constance.reid@gmail.com',890899039,2,267),(233,'Lillie','Kim','2010-05-04 00:00:00','lillie.kim@gmail.com',568877773,2,268),(234,'Claudia','Fuller','2006-04-27 00:00:00','claudia.fuller@gmail.com',983450894,1,269),(235,'Jackie','Lynch','2005-05-04 00:00:00','jackie.lynch@gmail.com',748737804,1,270),(236,'Marcia','Dean','2012-11-14 00:00:00','marcia.dean@gmail.com',650378306,1,271),(237,'Tanya','Gilbert','2011-01-12 00:00:00','tanya.gilbert@gmail.com',528646361,1,272),(238,'Nellie','Garrett','2012-12-03 00:00:00','nellie.garrett@gmail.com',569735574,1,273),(239,'Minnie','Romero','1997-05-02 00:00:00','minnie.romero@gmail.com',868444944,2,274),(240,'Marlene','Welch','1998-10-20 00:00:00','marlene.welch@gmail.com',516345595,1,275),(241,'Heidi','Larson','1995-12-23 00:00:00','heidi.larson@gmail.com',862342179,2,276),(242,'Glenda','Frazier','1996-12-21 00:00:00','glenda.frazier@gmail.com',643999548,1,277),(243,'Lydia','Burke','1997-06-19 00:00:00','lydia.burke@gmail.com',695205523,1,278),(244,'Viola','Hanson','2013-06-07 00:00:00','viola.hanson@gmail.com',716330194,2,279),(245,'Courtney','Day','2012-03-14 00:00:00','courtney.day@gmail.com',971934662,1,280),(246,'Marian','Mendoza','1999-07-30 00:00:00','marian.mendoza@gmail.com',921101335,1,281),(247,'Stella','Moreno','1996-09-01 00:00:00','stella.moreno@gmail.com',828828109,1,282),(248,'Caroline','Bowman','2005-07-13 00:00:00','caroline.bowman@gmail.com',509521462,1,283),(249,'Dora','Medina','2003-01-30 00:00:00','dora.medina@gmail.com',603660327,2,284),(250,'Jo','Fowler','2008-09-11 00:00:00','jo.fowler@gmail.com',965501275,2,285),(251,'Vickie','Brewer','2003-01-21 00:00:00','vickie.brewer@gmail.com',883328425,2,286),(252,'Mattie','Hoffman','2004-02-27 00:00:00','mattie.hoffman@gmail.com',920389966,2,287),(253,'Terry','Carlson','1999-04-02 00:00:00','terry.carlson@gmail.com',520640172,1,288),(254,'Maxine','Silva','2003-02-14 00:00:00','maxine.silva@gmail.com',776625295,2,289),(255,'Irma','Pearson','2004-08-07 00:00:00','irma.pearson@gmail.com',935877474,2,290),(256,'Mabel','Holland','1996-09-28 00:00:00','mabel.holland@gmail.com',696234082,2,291),(257,'Marsha','Douglas','2014-08-02 00:00:00','marsha.douglas@gmail.com',816190345,2,292),(258,'Myrtle','Fleming','2008-05-24 00:00:00','myrtle.fleming@gmail.com',994111677,1,293),(259,'Lena','Jensen','2001-12-27 00:00:00','lena.jensen@gmail.com',646215263,2,294),(260,'Christy','Vargas','2009-10-03 00:00:00','christy.vargas@gmail.com',682407133,1,295),(261,'Deanna','Byrd','1999-11-03 00:00:00','deanna.byrd@gmail.com',502813978,1,296),(262,'Patsy','Davidson','1999-06-22 00:00:00','patsy.davidson@gmail.com',826413479,2,297),(263,'Hilda','Hopkins','2012-01-19 00:00:00','hilda.hopkins@gmail.com',999668440,1,298),(264,'Gwendolyn','May','2012-05-02 00:00:00','gwendolyn.may@gmail.com',899442747,1,299),(265,'Jennie','Terry','2011-10-28 00:00:00','jennie.terry@gmail.com',925534630,2,300),(266,'Nora','Herrera','2008-12-08 00:00:00','nora.herrera@gmail.com',663348813,2,301),(267,'Margie','Wade','2009-05-21 00:00:00','margie.wade@gmail.com',988092509,1,302),(268,'Nina','Soto','2007-11-12 00:00:00','nina.soto@gmail.com',771203415,1,303),(269,'Cassandra','Walters','2003-12-09 00:00:00','cassandra.walters@gmail.com',718095313,1,304),(270,'Leah','Curtis','2014-05-13 00:00:00','leah.curtis@gmail.com',644085696,1,305),(271,'Penny','Neal','2008-10-19 00:00:00','penny.neal@gmail.com',984881137,1,306),(272,'Kay','Caldwell','2005-02-27 00:00:00','kay.caldwell@gmail.com',700224006,1,307),(273,'Priscilla','Lowe','2007-05-18 00:00:00','priscilla.lowe@gmail.com',846427853,2,308),(274,'Naomi','Jennings','2002-06-11 00:00:00','naomi.jennings@gmail.com',951314223,1,309),(275,'Carole','Barnett','1998-08-10 00:00:00','carole.barnett@gmail.com',802922616,2,310),(276,'Brandy','Graves','2009-09-27 00:00:00','brandy.graves@gmail.com',598432333,1,311),(277,'Olga','Jimenez','2005-10-20 00:00:00','olga.jimenez@gmail.com',846693760,2,312),(278,'Billie','Horton','1999-01-24 00:00:00','billie.horton@gmail.com',814144182,2,313),(279,'Dianne','Shelton','2005-07-25 00:00:00','dianne.shelton@gmail.com',544670045,2,314),(280,'Tracey','Barrett','2001-10-17 00:00:00','tracey.barrett@gmail.com',763457828,2,315),(281,'Leona','Obrien','1997-11-22 00:00:00','leona.obrien@gmail.com',519935686,2,316),(282,'Jenny','Castro','1996-01-22 00:00:00','jenny.castro@gmail.com',553750383,2,317),(283,'Felicia','Sutton','2009-09-29 00:00:00','felicia.sutton@gmail.com',546465190,1,318),(284,'Sonia','Gregory','2004-11-18 00:00:00','sonia.gregory@gmail.com',666926047,1,319),(285,'Miriam','Mckinney','1999-02-09 00:00:00','miriam.mckinney@gmail.com',592037175,1,320),(286,'Velma','Lucas','2010-12-27 00:00:00','velma.lucas@gmail.com',951220024,1,321),(287,'Becky','Miles','2001-08-10 00:00:00','becky.miles@gmail.com',532058869,2,322),(288,'Bobbie','Craig','2003-08-01 00:00:00','bobbie.craig@gmail.com',961735389,1,323),(289,'Violet','Rodriquez','2005-10-30 00:00:00','violet.rodriquez@gmail.com',672946057,1,324),(290,'Kristina','Chambers','2012-05-23 00:00:00','kristina.chambers@gmail.com',885137350,1,325),(291,'Toni','Holt','2008-10-23 00:00:00','toni.holt@gmail.com',792537069,1,326),(292,'Misty','Lambert','1998-04-06 00:00:00','misty.lambert@gmail.com',543807904,2,327),(293,'Mae','Fletcher','2011-12-22 00:00:00','mae.fletcher@gmail.com',993164809,2,328),(294,'Shelly','Watts','2006-05-08 00:00:00','shelly.watts@gmail.com',780754331,2,329),(295,'Daisy','Bates','2001-08-05 00:00:00','daisy.bates@gmail.com',941563059,1,330),(296,'Ramona','Hale','2010-04-21 00:00:00','ramona.hale@gmail.com',500997078,2,331),(297,'Sherri','Rhodes','2006-02-23 00:00:00','sherri.rhodes@gmail.com',706160030,1,332),(298,'Erika','Pena','2009-09-13 00:00:00','erika.pena@gmail.com',741351045,1,333),(299,'James','Gannon','2008-07-19 00:00:00','james.gannon@gmail.com',823066699,2,334),(300,'John','Farnsworth','2000-06-02 00:00:00','john.farnsworth@gmail.com',865769695,1,335);
/*!40000 ALTER TABLE `client` ENABLE KEYS */;
UNLOCK TABLES;

--
-- Table structure for table `employee`
--

DROP TABLE IF EXISTS `employee`;
/*!40101 SET @saved_cs_client     = @@character_set_client */;
 SET character_set_client = utf8mb4 ;
CREATE TABLE `employee` (
  `id_employee` int(11) NOT NULL AUTO_INCREMENT,
  `first_name` varchar(45) NOT NULL,
  `last_name` varchar(45) NOT NULL,
  `position` varchar(45) NOT NULL,
  `email` varchar(45) DEFAULT NULL,
  `phone` varchar(45) DEFAULT NULL,
  `id_rental_office` int(11) NOT NULL,
  `id_adress` int(11) NOT NULL,
  PRIMARY KEY (`id_employee`,`id_rental_office`,`id_adress`),
  UNIQUE KEY `id_employee_UNIQUE` (`id_employee`),
  UNIQUE KEY `id_adress_UNIQUE` (`id_adress`),
  KEY `fk_employees_rental_office_idx` (`id_rental_office`),
  KEY `fk_employee_adress1_idx` (`id_adress`),
  CONSTRAINT `fk_employee_adress1` FOREIGN KEY (`id_adress`) REFERENCES `adress` (`id_adress`),
  CONSTRAINT `fk_employees_rental_office` FOREIGN KEY (`id_rental_office`) REFERENCES `rental_office` (`id_rental_office`)
) ENGINE=InnoDB AUTO_INCREMENT=26 DEFAULT CHARSET=utf8;
/*!40101 SET character_set_client = @saved_cs_client */;

--
-- Dumping data for table `employee`
--

LOCK TABLES `employee` WRITE;
/*!40000 ALTER TABLE `employee` DISABLE KEYS */;
INSERT INTO `employee` VALUES (1,'Javier','Elrod','Assistant','javier.elrod@gmail.com','577248163',4,11),(2,'Fernando','Churchill','Manager','fernando.churchill@gmail.com','846152271',7,12),(3,'Clinton','Buford','Manager','clinton.buford@gmail.com','699146141',10,13),(4,'Ted','Breaux','Assistant','ted.breaux@gmail.com','969551750',3,14),(5,'Mathew','Bolin','Assistant','mathew.bolin@gmail.com','549873461',6,15),(6,'Tyrone','Asher','Assistant','tyrone.asher@gmail.com','702451431',1,16),(7,'Darren','Windham','Assistant','darren.windham@gmail.com','789478898',8,17),(8,'Lonnie','Tirado','Assistant','lonnie.tirado@gmail.com','754452598',7,18),(9,'Lance','Pemberton','Assistant','lance.pemberton@gmail.com','735084384',3,19),(10,'Cody','Nolen','Manager','cody.nolen@gmail.com','901516802',2,20),(11,'Julio','Noland','Manager','julio.noland@gmail.com','568749884',4,21),(12,'Kelly','Knott','Assistant','kelly.knott@gmail.com','679879078',2,22),(13,'Kurt','Emmons','Manager','kurt.emmons@gmail.com','560095448',9,23),(14,'Allan','Cornish','Assistant','allan.cornish@gmail.com','738158597',1,24),(15,'Nelson','Christenson','Assistant','nelson.christenson@gmail.com','640529624',1,25),(16,'Guy','Brownlee','Manager','guy.brownlee@gmail.com','539249742',6,26),(17,'Clayton','Barbee','Assistant','clayton.barbee@gmail.com','781634481',3,27),(18,'Hugh','Waldrop','Assistant','hugh.waldrop@gmail.com','702740373',9,28),(19,'Max','Pitt','Manager','max.pitt@gmail.com','978660882',1,29),(20,'Dwayne','Olvera','Assistant','dwayne.olvera@gmail.com','568641980',8,30),(21,'Dwight','Lombardi','Manager','dwight.lombardi@gmail.com','693876767',5,31),(22,'Armando','Gruber','Manager','armando.gruber@gmail.com','697906277',3,32),(23,'Felix','Gaffney','Assistant','felix.gaffney@gmail.com','783776254',6,33),(24,'Jimmie','Eggleston','Manager','jimmie.eggleston@gmail.com','830612428',8,34),(25,'Everett','Banda','Assistant','everett.banda@gmail.com','756969617',5,35);
/*!40000 ALTER TABLE `employee` ENABLE KEYS */;
UNLOCK TABLES;

--
-- Table structure for table `genre`
--

DROP TABLE IF EXISTS `genre`;
/*!40101 SET @saved_cs_client     = @@character_set_client */;
 SET character_set_client = utf8mb4 ;
CREATE TABLE `genre` (
  `genre_name` varchar(45) NOT NULL,
  `genre_description` varchar(400) DEFAULT NULL,
  PRIMARY KEY (`genre_name`)
) ENGINE=InnoDB DEFAULT CHARSET=utf8;
/*!40101 SET character_set_client = @saved_cs_client */;

--
-- Dumping data for table `genre`
--

LOCK TABLES `genre` WRITE;
/*!40000 ALTER TABLE `genre` DISABLE KEYS */;
INSERT INTO `genre` VALUES ('Action',''),('Animation',''),('Children',''),('Classics',''),('Comedy',''),('Documentary',''),('Drama',''),('Family',''),('Foreign',''),('Games',''),('Horror',''),('Music',''),('name',''),('New',''),('Sci-Fi',''),('Sports',''),('Travel','');
/*!40000 ALTER TABLE `genre` ENABLE KEYS */;
UNLOCK TABLES;

--
-- Table structure for table `movie`
--

DROP TABLE IF EXISTS `movie`;
/*!40101 SET @saved_cs_client     = @@character_set_client */;
 SET character_set_client = utf8mb4 ;
CREATE TABLE `movie` (
  `id_movie` int(11) NOT NULL AUTO_INCREMENT,
  `title` varchar(45) NOT NULL,
  `director` varchar(45) NOT NULL,
  `length` int(11) NOT NULL,
  `rating` decimal(3,1) DEFAULT NULL,
  `description` varchar(200) DEFAULT NULL,
  `genre_name` varchar(45) DEFAULT NULL,
  PRIMARY KEY (`id_movie`),
  UNIQUE KEY `UK_sinamggn9b92ohiafin8to1xx` (`director`,`title`),
  KEY `fk_movie_genre1_idx` (`genre_name`),
  KEY `idx_movie` (`id_movie`),
  CONSTRAINT `fk_movie_genre1` FOREIGN KEY (`genre_name`) REFERENCES `genre` (`genre_name`)
) ENGINE=InnoDB AUTO_INCREMENT=101 DEFAULT CHARSET=utf8;
/*!40101 SET character_set_client = @saved_cs_client */;

--
-- Dumping data for table `movie`
--

LOCK TABLES `movie` WRITE;
/*!40000 ALTER TABLE `movie` DISABLE KEYS */;
INSERT INTO `movie` VALUES (1,'Academy Dinosaur','Bryan Hardison',86,6.0,'Epic Drama of a Feminist And a Mad Scientist who must Battle a Teacher in The Canadian Rockies','Documentary'),(2,'Ace Goldfinger','Tony Carranza',48,4.0,'Astounding Epistle of a Database Administrator And a Explorer who must Find a Car in Ancient China','Horror'),(3,'Adaptation Holes','Luis Yanez',50,6.0,'Astounding Reflection of a Lumberjack And a Car who must Sink a Lumberjack in A Baloon Factory','Documentary'),(4,'Affair Prejudice','Mike Way',117,2.0,'Fanciful Documentary of a Frisbee And a Lumberjack who must Chase a Monkey in A Shark Tank','Horror'),(5,'African Egg','Stanley Scroggins',130,4.0,'Fast-Paced Documentary of a Pastry Chef And a Dentist who must Pursue a Forensic Psychologist in The Gulf of Mexico','Family'),(6,'Agent Truman','Leonard Schofield',169,7.0,'Intrepid Panorama of a Robot And a Boy who must Escape a Sumo Wrestler in Ancient China','Foreign'),(7,'Airplane Sierra','Nathan Runyon',62,3.0,'Touching Saga of a Hunter And a Butler who must Discover a Butler in A Jet Boat','Comedy'),(8,'Airport Pollock','Dale Ratcliff',54,8.0,'Epic Tale of a Moose And a Girl who must Confront a Monkey in Ancient India','Horror'),(9,'Alabama Devil','Manuel Murrell',114,6.0,'Thoughtful Panorama of a Database Administrator And a Mad Scientist who must Outgun a Mad Scientist in A Jet Boat','Horror'),(10,'Aladdin Calendar','Rodney Moeller',63,9.0,'Action-Packed Tale of a Man And a Lumberjack who must Reach a Feminist in Ancient China','Sports'),(11,'Alamo Videotape','Curtis Irby',126,8.0,'Boring Epistle of a Butler And a Cat who must Fight a Pastry Chef in A MySQL Convention','Foreign'),(12,'Alaska Phantom','Norman Currier',136,3.0,'Fanciful Saga of a Hunter And a Pastry Chef who must Vanquish a Boy in Australia','Music'),(13,'Ali Forever','Allen Butterfield',150,4.0,'Action-Packed Drama of a Dentist And a Crocodile who must Battle a Feminist in The Canadian Rockies','Horror'),(14,'Alice Fantasia','Marvin Yee',94,3.0,'Emotional Drama of a A Shark And a Database Administrator who must Vanquish a Pioneer in Soviet Georgia','Classics'),(15,'Alien Center','Vincent Ralston',46,6.0,'Brilliant Drama of a Cat And a Mad Scientist who must Battle a Feminist in A MySQL Convention','Foreign'),(16,'Alley Evolution','Glenn Pullen',180,6.0,'Fast-Paced Drama of a Robot And a Composer who must Battle a Astronaut in New Orleans','Foreign'),(17,'Alone Trip','Jeffery Pinson',82,6.0,'Fast-Paced Character Study of a Composer And a Dog who must Outgun a Boat in An Abandoned Fun House','Music'),(18,'Alter Victory','Travis Estep',57,4.0,'Thoughtful Drama of a Composer And a Feminist who must Meet a Secret Agent in The Canadian Rockies','Animation'),(19,'Amadeus Holy','Jeff East',113,4.0,'Emotional Display of a Pioneer And a Technical Writer who must Battle a Man in A Baloon','Action'),(20,'Amelie Hellfighters','Chad Carbone',79,4.0,'Boring Drama of a Woman And a Squirrel who must Conquer a Student in A Baloon','Music'),(21,'American Circus','Jacob Lance',129,4.0,'Insightful Drama of a Girl And a Astronaut who must Face a Database Administrator in A Shark Tank','Action'),(22,'Amistad Midsummer','Lee Hawks',85,7.0,'Emotional Character Study of a Dentist And a Crocodile who must Meet a Sumo Wrestler in California','New'),(23,'Anaconda Confessions','Melvin Ellington',92,2.0,'Lacklusture Display of a Dentist And a Dentist who must Fight a Girl in Australia','Animation'),(24,'Analyze Hoosiers','Alfred Casillas',181,6.0,'Thoughtful Display of a Explorer And a Pastry Chef who must Overcome a Feminist in The Sahara Desert','Horror'),(25,'Angels Life','Kyle Spurlock',74,5.0,'Thoughtful Display of a Woman And a Astronaut who must Battle a Robot in Berlin','New'),(26,'Annie Identity','Francis Sikes',86,6.0,'Amazing Panorama of a Pastry Chef And a Boat who must Escape a Woman in An Abandoned Amusement Park','Sci-Fi'),(27,'Anonymous Human','Bradley Motley',179,7.0,'Amazing Reflection of a Database Administrator And a Astronaut who must Outrace a Database Administrator in A Shark Tank','Sports'),(28,'Anthem Luke','Jesus Mccartney',91,8.0,'Touching Panorama of a Waitress And a Woman who must Outrace a Dog in An Abandoned Amusement Park','Comedy'),(29,'Antitrust Tomatoes','Herbert Kruger',168,6.0,'Fateful Yarn of a Womanizer And a Feminist who must Succumb a Database Administrator in Ancient India','Action'),(30,'Anything Savannah','Frederick Isbell',82,6.0,'Epic Story of a Pastry Chef And a Woman who must Chase a Feminist in An Abandoned Fun House','Horror'),(31,'Apache Divine','Ray Houle',92,9.0,'Awe-Inspiring Reflection of a Pastry Chef And a Teacher who must Overcome a Sumo Wrestler in A U-Boat','Family'),(32,'Apocalypse Flamingos','Joel Francisco',119,3.0,'Astounding Story of a Dog And a Squirrel who must Defeat a Woman in An Abandoned Amusement Park','New'),(33,'Apollo Teen','Edwin Burk',153,5.0,'Action-Packed Reflection of a Crocodile And a Explorer who must Find a Sumo Wrestler in An Abandoned Mine Shaft','Drama'),(34,'Arabia Dogma','Don Bone',62,4.0,'Touching Epistle of a Madman And a Mad Cow who must Defeat a Student in Nigeria','Horror'),(35,'Arachnophobia Rollercoaster','Eddie Tomlin',147,6.0,'Action-Packed Reflection of a Pastry Chef And a Composer who must Discover a Mad Scientist in The First Manned Space Station','Horror'),(36,'Argonauts Town','Ricky Shelby',127,1.0,'Emotional Epistle of a Forensic Psychologist And a Butler who must Challenge a Waitress in An Abandoned Mine Shaft','Animation'),(37,'Arizona Bang','Troy Quigley',121,5.0,'Brilliant Panorama of a Mad Scientist And a Mad Cow who must Meet a Pioneer in A Monastery','Classics'),(38,'Ark Ridgemont','Randall Neumann',68,6.0,'Beautiful Yarn of a Pioneer And a Monkey who must Pursue a Explorer in The Sahara Desert','Action'),(39,'Armageddon Lost','Barry Lovelace',99,3.0,'Fast-Paced Tale of a Boat And a Teacher who must Succumb a Composer in An Abandoned Mine Shaft','Sci-Fi'),(40,'Army Flintstones','Alexander Fennell',148,7.0,'Boring Saga of a Database Administrator And a Womanizer who must Battle a Waitress in Nigeria','Documentary'),(41,'Arsenic Independence','Bernard Colby',137,7.0,'Fanciful Documentary of a Mad Cow And a Womanizer who must Find a Dentist in Berlin','Travel'),(42,'Artist Coldblooded','Mario Cheatham',170,8.0,'Stunning Reflection of a Robot And a Moose who must Challenge a Woman in California','Sports'),(43,'Atlantis Cause','Leroy Bustamante',170,3.0,'Thrilling Yarn of a Feminist And a Hunter who must Fight a Technical Writer in A Shark Tank','Family'),(44,'Attacks Hate','Francisco Skidmore',113,3.0,'Fast-Paced Panorama of a Technical Writer And a Mad Scientist who must Find a Feminist in An Abandoned Mine Shaft','Sci-Fi'),(45,'Attraction Newton','Marcus Hidalgo',83,5.0,'Astounding Panorama of a Composer And a Frisbee who must Reach a Husband in Ancient Japan','New'),(46,'Autumn Crow','Micheal Forman',108,6.0,'Beautiful Tale of a Dentist And a Mad Cow who must Battle a Moose in The Sahara Desert','Games'),(47,'Baby Hall','Theodore Culp',153,8.0,'Boring Character Study of a A Shark And a Girl who must Outrace a Feminist in An Abandoned Mine Shaft','Foreign'),(48,'Backlash Undefeated','Clifford Bowens',118,4.0,'Stunning Character Study of a Mad Scientist And a Mad Cow who must Kill a Car in A Monastery','Children'),(49,'Badman Dawn','Miguel Betancourt',162,6.0,'Emotional Panorama of a Pioneer And a Composer who must Escape a Mad Scientist in A Jet Boat','Sci-Fi'),(50,'Baked Cleopatra','Oscar Aquino',182,8.0,'Stunning Drama of a Forensic Psychologist And a Husband who must Overcome a Waitress in A Monastery','Family'),(51,'Balloon Homeward','Jay Robb',75,7.0,'Insightful Panorama of a Forensic Psychologist And a Mad Cow who must Build a Mad Scientist in The First Manned Space Station','Music'),(52,'Ballroom Mockingbird','Jim Rea',173,8.0,'Thrilling Documentary of a Composer And a Monkey who must Find a Feminist in California','Foreign'),(53,'Bang Kwai','Tom Milner',87,2.0,'Epic Drama of a Madman And a Cat who must Face a A Shark in An Abandoned Amusement Park','Family'),(54,'Banger Pinocchio','Calvin Martel',113,9.0,'Awe-Inspiring Drama of a Car And a Pastry Chef who must Chase a Crocodile in The First Manned Space Station','Music'),(55,'Barbarella Streetcar','Alex Gresham',65,4.0,'Awe-Inspiring Story of a Feminist And a Cat who must Conquer a Dog in A Monastery','Sci-Fi'),(56,'Barefoot Manchurian','Jon Wiles',129,5.0,'Intrepid Story of a Cat And a Student who must Vanquish a Girl in An Abandoned Amusement Park','Action'),(57,'Basic Easy','Ronnie Ricketts',90,3.0,'Stunning Epistle of a Man And a Husband who must Reach a Mad Scientist in A Jet Boat','Travel'),(58,'Beach Heartbreakers','Bill Gavin',122,6.0,'Fateful Display of a Womanizer And a Mad Scientist who must Outgun a A Shark in Soviet Georgia','Documentary'),(59,'Bear Graceland','Lloyd Dowd',160,4.0,'Astounding Saga of a Dog And a Boy who must Kill a Teacher in The First Manned Space Station','Children'),(60,'Beast Hunchback','Tommy Collazo',89,6.0,'Awe-Inspiring Epistle of a Student And a Squirrel who must Defeat a Boy in Ancient China','Classics'),(61,'Beauty Grease','Leon Bostic',175,2.0,'Fast-Paced Display of a Composer And a Moose who must Sink a Robot in An Abandoned Mine Shaft','Drama'),(62,'Bed Highball','Derek Blakely',106,7.0,'Astounding Panorama of a Lumberjack And a Dog who must Redeem a Woman in An Abandoned Fun House','Documentary'),(63,'Bedazzled Married','Warren Sherrod',73,6.0,'Astounding Character Study of a Madman And a Robot who must Meet a Mad Scientist in An Abandoned Fun House','Family'),(64,'Beethoven Exorcist','Darrell Power',151,6.0,'Epic Display of a Pioneer And a Student who must Challenge a Butler in The Gulf of Mexico','Drama'),(65,'Behavior Runaway','Jerome Kenyon',100,6.0,'Unbelieveable Drama of a Student And a Husband who must Outrace a Sumo Wrestler in Berlin','Horror'),(66,'Beneath Rush','Floyd Gandy',53,10.0,'Astounding Panorama of a Man And a Monkey who must Discover a Man in The First Manned Space Station','Children'),(67,'Berets Agent','Leo Ebert',77,6.0,'Taut Saga of a Crocodile And a Boy who must Overcome a Technical Writer in Ancient China','Action'),(68,'Betrayed Rear','Alvin Deloach',122,3.0,'Emotional Character Study of a Boat And a Pioneer who must Find a Explorer in A Shark Tank','Children'),(69,'Beverly Outlaw','Tim Cary',85,6.0,'Fanciful Documentary of a Womanizer And a Boat who must Defeat a Madman in The First Manned Space Station','Sci-Fi'),(70,'Bikini Borrowers','Wesley Bull',142,6.0,'Astounding Drama of a Astronaut And a Cat who must Discover a Woman in The First Manned Space Station','Animation'),(71,'Bilko Anonymous','Gordon Allard',100,6.0,'Emotional Reflection of a Teacher And a Man who must Meet a Cat in The First Manned Space Station','Family'),(72,'Bill Others','Dean Sauer',93,5.0,'Stunning Saga of a Mad Scientist And a Forensic Psychologist who must Challenge a Squirrel in A MySQL Convention','Documentary'),(73,'Bingo Talented','Greg Robins',150,4.0,'Touching Tale of a Girl And a Crocodile who must Discover a Waitress in Nigeria','Sci-Fi'),(74,'Birch Antitrust','Jorge Olivares',162,6.0,'Fanciful Panorama of a Husband And a Pioneer who must Outgun a Dog in A Baloon','Music'),(75,'Bird Independence','Dustin Gillette',163,5.0,'Thrilling Documentary of a Car And a Student who must Sink a Hunter in The Canadian Rockies','Travel'),(76,'Birdcage Casper','Pedro Chestnut',103,3.0,'Fast-Paced Saga of a Frisbee And a Astronaut who must Overcome a Feminist in Ancient India','Music'),(77,'Birds Perdition','Derrick Bourque',61,8.0,'Boring Story of a Womanizer And a Pioneer who must Face a Dog in California','New'),(78,'Blackout Private','Dan Paine',85,10.0,'Intrepid Yarn of a Pastry Chef And a Mad Scientist who must Challenge a Secret Agent in Ancient Japan','Animation'),(79,'Blade Polish','Lewis Lyman',114,3.0,'Thoughtful Character Study of a Frisbee And a Pastry Chef who must Fight a Dentist in The First Manned Space Station','Drama'),(80,'Blanket Beverly','Zachary Hite',148,2.0,'Emotional Documentary of a Student And a Girl who must Build a Boat in Nigeria','Family'),(81,'Blindness Gun','Corey Hauser',103,5.0,'Touching Drama of a Robot And a Dentist who must Meet a Hunter in A Jet Boat','Sci-Fi'),(82,'Blood Argonauts','Herman Devore',71,9.0,'Boring Drama of a Explorer And a Man who must Kill a Lumberjack in A Manhattan Penthouse','Family'),(83,'Blues Instinct','Maurice Crawley',50,5.0,'Insightful Documentary of a Boat And a Composer who must Meet a Forensic Psychologist in An Abandoned Fun House','Family'),(84,'Boiled Dares','Vernon Chapa',102,4.0,'Awe-Inspiring Story of a Waitress And a Dog who must Discover a Dentist in Ancient Japan','Travel'),(85,'Bonnie Holocaust','Roberto Vu',63,4.0,'Fast-Paced Story of a Crocodile And a Robot who must Find a Moose in Ancient Japan','Documentary'),(86,'Boogie Amelie','Clyde Tobias',121,9.0,'Lacklusture Character Study of a Husband And a Sumo Wrestler who must Succumb a Technical Writer in The Gulf of Mexico','Music'),(87,'Boondock Ballroom','Glen Talbert',76,6.0,'Fateful Panorama of a Crocodile And a Boy who must Defeat a Monkey in The Gulf of Mexico','Travel'),(88,'Born Spinal','Hector Poindexter',179,3.0,'Touching Epistle of a Frisbee And a Husband who must Pursue a Student in Nigeria','Travel'),(89,'Borrowers Bedazzled','Shane Millard',63,6.0,'Brilliant Epistle of a Teacher And a Sumo Wrestler who must Defeat a Man in An Abandoned Fun House','Animation'),(90,'Boulevard Mob','Ricardo Meador',63,7.0,'Fateful Epistle of a Moose And a Monkey who must Confront a Lumberjack in Ancient China','New'),(91,'Bound Cheaper','Sam Mcduffie',98,4.0,'Thrilling Panorama of a Database Administrator And a Astronaut who must Challenge a Lumberjack in A Baloon','Classics'),(92,'Bowfinger Gables','Rick Mattox',72,1.0,'Fast-Paced Yarn of a Waitress And a Composer who must Outgun a Dentist in California','Horror'),(93,'Brannigan Sunrise','Lester Kraus',121,6.0,'Amazing Epistle of a Moose And a Crocodile who must Outrace a Dog in Berlin','New'),(94,'Braveheart Human','Brent Harkins',176,8.0,'Insightful Story of a Dog And a Pastry Chef who must Battle a Girl in Berlin','Family'),(95,'Breakfast Goldfinger','Ramon Choate',123,8.0,'Beautiful Reflection of a Student And a Student who must Fight a Moose in Berlin','New'),(96,'Breaking Home','Charlie Bess',169,7.0,'Beautiful Display of a Secret Agent And a Monkey who must Battle a Sumo Wrestler in An Abandoned Mine Shaft','New'),(97,'Bride Intrigue','Tyler Wren',56,7.0,'Epic Tale of a Robot And a Monkey who must Vanquish a Man in New Orleans','Action'),(98,'Bright Encounters','Gilbert Sledge',73,4.0,'Fateful Yarn of a Lumberjack And a Feminist who must Conquer a Student in A Jet Boat','Drama'),(99,'Bringing Hysterical','Gene Sanborn',136,4.0,'Fateful Saga of a A Shark And a Technical Writer who must Find a Woman in A Jet Boat','Comedy'),(100,'Brooklyn Desert','Marc Outlaw',161,7.0,'Beautiful Drama of a Dentist And a Composer who must Battle a Sumo Wrestler in The First Manned Space Station','Foreign');
/*!40000 ALTER TABLE `movie` ENABLE KEYS */;
UNLOCK TABLES;

--
-- Table structure for table `movies_warehouse`
--

DROP TABLE IF EXISTS `movies_warehouse`;
/*!40101 SET @saved_cs_client     = @@character_set_client */;
 SET character_set_client = utf8mb4 ;
CREATE TABLE `movies_warehouse` (
  `id_warehouse` int(11) NOT NULL AUTO_INCREMENT,
  `quantity` int(11) NOT NULL,
  `charge` decimal(5,2) NOT NULL,
  `id_rental_office` int(11) NOT NULL,
  `id_movie` int(11) NOT NULL,
  PRIMARY KEY (`id_warehouse`,`id_rental_office`,`id_movie`),
  UNIQUE KEY `UK_6d7aa2eg4v702lgbb77okkp75` (`id_movie`,`id_rental_office`),
  KEY `fk_movies_warehouse_rental_office1_idx` (`id_rental_office`),
  KEY `fk_movies_warehouse_movie1_idx` (`id_movie`),
  CONSTRAINT `fk_movies_warehouse_movie1` FOREIGN KEY (`id_movie`) REFERENCES `movie` (`id_movie`),
  CONSTRAINT `fk_movies_warehouse_rental_office1` FOREIGN KEY (`id_rental_office`) REFERENCES `rental_office` (`id_rental_office`)
) ENGINE=InnoDB AUTO_INCREMENT=601 DEFAULT CHARSET=utf8;
/*!40101 SET character_set_client = @saved_cs_client */;

--
-- Dumping data for table `movies_warehouse`
--

LOCK TABLES `movies_warehouse` WRITE;
/*!40000 ALTER TABLE `movies_warehouse` DISABLE KEYS */;
INSERT INTO `movies_warehouse` VALUES (1,1,4.00,6,93),(2,7,6.00,7,39),(3,5,12.00,3,84),(4,0,10.00,8,99),(5,0,10.00,8,52),(6,0,10.00,5,10),(7,7,11.00,3,99),(8,7,11.00,10,81),(9,2,5.00,6,56),(10,1,9.00,3,96),(11,7,8.00,4,100),(12,3,10.00,6,92),(13,0,9.00,4,33),(14,5,3.00,8,5),(15,4,11.00,8,57),(16,2,11.00,8,38),(17,7,5.00,3,85),(18,5,7.00,1,3),(19,3,4.00,5,30),(20,1,2.00,10,77),(21,1,6.00,4,87),(22,3,11.00,8,25),(23,1,2.00,1,51),(24,5,5.00,4,38),(25,1,11.00,4,43),(26,4,7.00,7,48),(27,6,9.00,10,55),(28,4,4.00,6,35),(29,6,5.00,4,90),(30,7,7.00,6,95),(31,3,3.00,3,95),(32,0,9.00,8,6),(33,6,9.00,2,51),(34,0,10.00,9,65),(35,2,8.00,7,13),(36,5,7.00,4,72),(37,6,9.00,4,58),(38,4,6.00,8,62),(39,2,4.00,9,52),(40,6,11.00,5,1),(41,5,9.00,1,76),(42,1,12.00,5,58),(43,2,10.00,3,10),(44,2,6.00,9,17),(45,6,12.00,5,7),(46,4,7.00,10,56),(47,3,11.00,10,36),(48,1,10.00,5,60),(50,7,10.00,7,34),(52,1,6.00,5,42),(53,7,2.00,6,100),(54,4,5.00,4,40),(55,6,6.00,4,30),(56,3,9.00,5,13),(57,7,5.00,6,59),(58,3,11.00,9,6),(59,0,2.00,1,81),(60,1,9.00,4,74),(61,0,10.00,5,67),(62,0,6.00,9,29),(63,0,9.00,9,26),(64,4,12.00,6,94),(65,7,9.00,1,29),(66,6,12.00,10,44),(67,4,12.00,3,44),(68,2,4.00,8,16),(69,4,6.00,2,25),(70,2,12.00,9,59),(71,4,8.00,4,36),(72,0,9.00,3,88),(73,5,10.00,5,77),(75,2,8.00,9,80),(76,5,10.00,8,54),(77,7,9.00,2,73),(79,5,8.00,6,36),(80,5,9.00,9,77),(81,4,12.00,6,97),(82,0,11.00,5,59),(84,1,8.00,6,83),(85,6,8.00,8,35),(86,0,9.00,10,5),(87,3,3.00,6,11),(88,0,9.00,3,98),(89,4,8.00,4,94),(90,0,5.00,7,70),(91,6,5.00,10,97),(92,3,9.00,10,51),(93,0,2.00,4,49),(94,3,9.00,6,26),(95,1,5.00,9,38),(96,1,6.00,6,96),(97,2,4.00,10,57),(98,3,7.00,6,15),(99,4,5.00,10,85),(100,1,2.00,7,44),(101,5,5.00,5,16),(103,3,11.00,1,49),(104,1,2.00,10,29),(105,5,4.00,5,15),(106,3,11.00,5,86),(107,3,9.00,6,50),(108,3,10.00,10,30),(109,2,12.00,1,31),(110,5,11.00,10,93),(112,5,11.00,4,39),(113,2,8.00,10,15),(114,7,12.00,8,34),(115,2,3.00,8,94),(116,1,10.00,4,1),(117,5,11.00,8,70),(118,0,11.00,8,7),(119,0,4.00,7,50),(120,3,2.00,8,96),(121,3,7.00,6,63),(122,6,11.00,7,35),(123,0,10.00,2,94),(124,6,11.00,4,54),(125,4,9.00,8,45),(128,0,3.00,10,28),(129,7,3.00,6,45),(130,6,2.00,1,43),(131,6,10.00,7,91),(132,7,9.00,5,31),(133,4,12.00,10,9),(134,1,3.00,4,86),(135,5,9.00,9,87),(136,7,9.00,1,89),(137,4,8.00,9,50),(138,1,10.00,4,56),(139,6,11.00,7,29),(140,6,8.00,9,60),(141,6,9.00,10,94),(142,7,10.00,10,40),(143,0,12.00,3,71),(145,7,6.00,2,31),(146,1,5.00,5,2),(149,6,10.00,10,6),(150,7,2.00,1,79),(151,4,8.00,7,72),(153,3,7.00,3,60),(154,5,6.00,1,19),(155,0,8.00,1,62),(158,3,7.00,6,78),(159,7,7.00,2,54),(160,1,8.00,4,91),(161,1,4.00,1,4),(162,1,6.00,9,31),(163,5,10.00,10,62),(164,5,6.00,9,19),(165,2,7.00,3,39),(167,6,2.00,10,60),(170,2,9.00,9,8),(171,0,6.00,8,72),(172,3,9.00,7,6),(173,7,7.00,4,68),(174,4,4.00,5,75),(175,4,5.00,4,15),(176,7,2.00,5,21),(178,5,3.00,5,25),(180,6,12.00,5,82),(181,3,6.00,5,79),(182,3,12.00,8,47),(183,2,6.00,5,22),(184,3,8.00,8,17),(185,6,8.00,3,42),(187,2,7.00,10,65),(188,0,2.00,2,76),(189,5,5.00,6,91),(190,6,2.00,8,14),(192,2,2.00,5,65),(193,6,3.00,7,1),(194,7,2.00,7,25),(195,5,6.00,7,79),(196,1,5.00,7,96),(197,0,5.00,10,25),(198,7,4.00,9,78),(199,2,7.00,6,32),(201,3,3.00,10,35),(202,5,10.00,5,28),(203,0,5.00,2,96),(204,2,4.00,6,90),(206,4,6.00,10,99),(207,6,2.00,9,23),(208,0,11.00,10,26),(209,3,2.00,2,88),(210,3,12.00,6,3),(211,2,9.00,5,19),(213,2,7.00,7,32),(214,6,5.00,2,40),(215,6,10.00,10,82),(216,4,3.00,8,12),(217,1,9.00,9,70),(218,3,12.00,1,45),(219,2,2.00,3,34),(221,7,7.00,3,2),(222,3,3.00,3,89),(223,5,4.00,6,4),(225,7,5.00,5,3),(226,5,3.00,4,51),(227,0,12.00,2,32),(228,3,11.00,4,32),(229,5,4.00,4,96),(230,4,7.00,1,69),(233,4,3.00,6,46),(234,0,9.00,1,36),(235,2,11.00,4,26),(236,7,7.00,1,83),(237,6,12.00,5,76),(238,2,11.00,10,13),(240,0,5.00,5,99),(241,4,6.00,5,84),(242,6,9.00,5,97),(243,7,7.00,6,74),(245,4,4.00,8,93),(246,3,5.00,3,76),(247,3,8.00,4,98),(248,0,3.00,2,70),(250,1,7.00,7,62),(251,0,10.00,6,43),(253,6,6.00,1,80),(254,7,3.00,5,62),(256,6,7.00,1,54),(257,1,7.00,10,49),(259,7,6.00,7,19),(260,1,6.00,7,4),(261,7,11.00,8,76),(262,4,11.00,3,74),(263,3,8.00,5,55),(264,2,10.00,3,21),(265,2,5.00,9,49),(266,7,7.00,3,65),(267,3,9.00,6,22),(268,1,12.00,9,97),(269,3,3.00,9,57),(270,3,2.00,6,16),(272,6,11.00,7,16),(273,1,2.00,10,79),(276,7,7.00,6,29),(277,6,10.00,5,64),(278,1,9.00,10,17),(279,2,12.00,6,51),(280,0,5.00,1,14),(281,3,8.00,7,27),(282,5,11.00,8,41),(284,0,9.00,4,84),(285,3,5.00,1,55),(286,1,6.00,8,75),(288,6,6.00,9,27),(289,7,3.00,9,4),(291,3,6.00,8,20),(292,6,12.00,2,29),(294,1,11.00,10,61),(296,5,4.00,7,38),(298,6,11.00,3,18),(299,1,8.00,1,63),(300,0,8.00,10,69),(301,3,2.00,1,100),(302,5,9.00,4,22),(304,2,12.00,9,55),(305,4,9.00,8,9),(306,2,3.00,3,63),(308,6,8.00,10,86),(309,4,7.00,3,26),(310,4,8.00,8,21),(311,7,12.00,3,1),(312,5,6.00,4,34),(313,6,7.00,1,33),(315,6,10.00,5,32),(316,0,3.00,2,26),(317,7,7.00,7,88),(321,5,11.00,7,59),(322,7,5.00,9,56),(324,0,7.00,10,59),(325,1,4.00,9,68),(326,0,9.00,5,5),(327,4,6.00,1,96),(328,6,6.00,9,53),(329,0,9.00,3,9),(330,2,9.00,4,52),(332,3,11.00,8,64),(333,1,9.00,4,99),(334,1,2.00,4,82),(335,5,3.00,4,17),(337,6,6.00,7,69),(339,2,8.00,9,92),(340,5,9.00,3,28),(341,5,3.00,9,54),(342,2,3.00,3,4),(343,4,11.00,2,34),(344,3,10.00,9,74),(345,0,11.00,2,79),(346,2,12.00,4,60),(347,0,3.00,10,50),(348,0,2.00,9,93),(349,4,7.00,9,2),(350,0,2.00,1,48),(351,6,6.00,3,83),(353,6,3.00,1,77),(354,7,10.00,7,100),(355,1,3.00,3,68),(356,3,7.00,1,23),(357,6,11.00,2,52),(358,0,6.00,5,81),(359,1,5.00,5,24),(360,6,6.00,10,96),(361,6,8.00,3,16),(362,2,5.00,3,72),(363,1,12.00,9,90),(367,3,12.00,2,67),(369,1,9.00,2,18),(370,3,7.00,7,64),(371,1,3.00,8,86),(372,7,8.00,7,58),(373,2,11.00,2,53),(374,7,7.00,7,28),(376,2,6.00,1,95),(377,4,12.00,4,80),(379,4,11.00,3,86),(380,7,8.00,2,39),(382,6,6.00,9,45),(383,2,11.00,10,87),(384,0,10.00,3,54),(385,6,3.00,4,14),(386,1,10.00,2,4),(390,6,3.00,3,97),(391,6,6.00,9,5),(393,4,5.00,6,9),(394,4,4.00,7,65),(395,1,8.00,7,18),(396,6,2.00,10,67),(397,3,12.00,3,40),(399,0,10.00,5,17),(400,0,7.00,4,89),(401,5,11.00,8,26),(402,4,3.00,7,97),(404,5,10.00,5,23),(405,0,4.00,9,33),(406,0,4.00,8,65),(407,0,2.00,7,52),(408,0,10.00,1,97),(409,7,6.00,8,36),(410,4,6.00,4,6),(412,5,9.00,7,21),(414,7,4.00,6,65),(415,6,2.00,9,98),(416,6,8.00,8,71),(417,0,7.00,1,15),(418,4,10.00,6,27),(421,3,2.00,10,95),(423,7,2.00,7,12),(426,5,4.00,1,8),(427,7,12.00,10,2),(428,6,8.00,6,33),(429,1,8.00,2,58),(431,1,9.00,3,48),(433,2,8.00,1,39),(434,6,10.00,9,42),(435,5,12.00,5,95),(436,4,9.00,2,48),(437,3,2.00,5,39),(438,6,5.00,4,64),(439,0,4.00,6,19),(440,0,11.00,4,7),(441,1,10.00,10,24),(442,4,2.00,5,94),(443,6,3.00,4,48),(445,1,5.00,5,36),(446,5,8.00,6,20),(447,3,2.00,10,33),(448,0,4.00,9,62),(449,0,11.00,1,25),(450,0,12.00,4,28),(451,1,12.00,10,100),(453,4,9.00,3,20),(455,7,9.00,6,49),(458,6,12.00,3,8),(459,1,6.00,1,21),(460,1,11.00,6,48),(461,2,3.00,10,8),(462,5,2.00,4,67),(465,1,5.00,3,29),(466,7,4.00,2,37),(467,5,8.00,10,38),(468,5,12.00,2,61),(469,3,11.00,9,7),(470,6,4.00,9,43),(472,7,8.00,1,13),(473,3,10.00,7,82),(474,3,10.00,3,17),(481,7,6.00,9,40),(482,6,5.00,2,66),(483,3,10.00,2,74),(486,0,10.00,10,89),(489,2,3.00,5,85),(491,5,4.00,7,60),(492,2,12.00,1,34),(494,3,9.00,1,24),(495,5,4.00,5,74),(496,0,10.00,6,1),(500,2,5.00,5,49),(501,3,12.00,9,34),(502,4,3.00,2,72),(503,3,6.00,8,74),(504,4,4.00,8,39),(505,6,7.00,2,60),(506,6,6.00,1,28),(507,3,12.00,6,24),(509,6,6.00,4,25),(511,0,7.00,3,57),(512,2,10.00,8,55),(514,2,8.00,1,82),(517,7,6.00,9,76),(520,2,4.00,5,80),(521,7,3.00,7,54),(522,1,3.00,7,55),(523,4,2.00,5,44),(525,2,4.00,1,42),(526,5,11.00,4,27),(528,7,11.00,1,37),(529,2,2.00,5,18),(532,2,6.00,3,67),(534,2,6.00,10,4),(535,0,7.00,2,14),(536,4,4.00,1,94),(539,0,11.00,9,13),(541,0,9.00,3,56),(543,4,5.00,8,23),(544,3,5.00,8,92),(545,7,6.00,8,40),(547,2,10.00,8,67),(548,4,9.00,2,7),(549,4,8.00,3,47),(550,6,11.00,2,42),(553,0,4.00,5,26),(556,6,7.00,5,35),(557,2,2.00,2,95),(558,0,4.00,8,53),(559,1,11.00,10,46),(562,2,9.00,6,14),(565,7,8.00,9,63),(567,5,10.00,6,31),(568,3,4.00,2,38),(569,7,7.00,3,77),(570,3,2.00,1,9),(571,5,3.00,10,11),(572,7,9.00,8,88),(573,2,9.00,2,23),(574,5,2.00,2,41),(575,6,2.00,5,11),(577,1,7.00,4,47),(581,5,10.00,8,49),(582,6,12.00,2,21),(583,0,2.00,2,10),(584,1,4.00,9,30),(585,3,3.00,6,23),(586,5,11.00,4,93),(590,7,9.00,5,53),(591,4,3.00,7,75),(593,0,7.00,3,94),(594,2,9.00,7,86),(595,5,2.00,9,37),(596,7,7.00,4,92),(597,1,2.00,10,71),(598,1,6.00,9,91),(600,5,10.00,5,34);
/*!40000 ALTER TABLE `movies_warehouse` ENABLE KEYS */;
UNLOCK TABLES;

--
-- Table structure for table `rental_element`
--

DROP TABLE IF EXISTS `rental_element`;
/*!40101 SET @saved_cs_client     = @@character_set_client */;
 SET character_set_client = utf8mb4 ;
CREATE TABLE `rental_element` (
  `amount_of_rentals` int(11) NOT NULL,
  `id_warehouse` int(11) NOT NULL,
  `id_rental` int(11) NOT NULL,
  PRIMARY KEY (`id_warehouse`,`id_rental`),
  KEY `fk_rental_element_rentals1_idx` (`id_rental`),
  CONSTRAINT `fk_rental_element_movies_warehouse1` FOREIGN KEY (`id_warehouse`) REFERENCES `movies_warehouse` (`id_warehouse`),
  CONSTRAINT `fk_rental_element_rentals1` FOREIGN KEY (`id_rental`) REFERENCES `rentals` (`id_rental`)
) ENGINE=InnoDB DEFAULT CHARSET=utf8;
/*!40101 SET character_set_client = @saved_cs_client */;

--
-- Dumping data for table `rental_element`
--

LOCK TABLES `rental_element` WRITE;
/*!40000 ALTER TABLE `rental_element` DISABLE KEYS */;
/*!40000 ALTER TABLE `rental_element` ENABLE KEYS */;
UNLOCK TABLES;

--
-- Table structure for table `rental_office`
--

DROP TABLE IF EXISTS `rental_office`;
/*!40101 SET @saved_cs_client     = @@character_set_client */;
 SET character_set_client = utf8mb4 ;
CREATE TABLE `rental_office` (
  `id_rental_office` int(11) NOT NULL AUTO_INCREMENT,
  `rental_office_name` varchar(45) NOT NULL,
  `id_adress` int(11) NOT NULL,
  PRIMARY KEY (`id_rental_office`,`id_adress`),
  UNIQUE KEY `idrental_office_UNIQUE` (`id_rental_office`),
  UNIQUE KEY `rental_office_name_UNIQUE` (`rental_office_name`),
  UNIQUE KEY `id_adress_UNIQUE` (`id_adress`),
  KEY `fk_rental_office_adress1_idx` (`id_adress`),
  KEY `idx_rental_office` (`id_rental_office`),
  CONSTRAINT `fk_rental_office_adress1` FOREIGN KEY (`id_adress`) REFERENCES `adress` (`id_adress`)
) ENGINE=InnoDB AUTO_INCREMENT=11 DEFAULT CHARSET=utf8;
/*!40101 SET character_set_client = @saved_cs_client */;

--
-- Dumping data for table `rental_office`
--

LOCK TABLES `rental_office` WRITE;
/*!40000 ALTER TABLE `rental_office` DISABLE KEYS */;
INSERT INTO `rental_office` VALUES (3,'Earth',3),(5,'Jupiter',5),(4,'Mars',4),(1,'Mercury',1),(8,'Neptune',8),(9,'Pluto',9),(6,'Saturn',6),(10,'Sun',10),(7,'Uranus',7),(2,'Venus',2);
/*!40000 ALTER TABLE `rental_office` ENABLE KEYS */;
UNLOCK TABLES;

--
-- Table structure for table `rentals`
--

DROP TABLE IF EXISTS `rentals`;
/*!40101 SET @saved_cs_client     = @@character_set_client */;
 SET character_set_client = utf8mb4 ;
CREATE TABLE `rentals` (
  `id_rental` int(11) NOT NULL AUTO_INCREMENT,
  `rental_date` datetime NOT NULL,
  `return_date` datetime DEFAULT NULL,
  `id_client` int(11) NOT NULL,
  `id_employee` int(11) NOT NULL,
  `id_movie` int(11) NOT NULL,
  PRIMARY KEY (`id_rental`,`id_client`,`id_employee`,`id_movie`),
  UNIQUE KEY `id_rental_UNIQUE` (`id_rental`),
  KEY `fk_rentals_clients1_idx` (`id_client`),
  KEY `fk_rentals_employee1_idx` (`id_employee`),
  KEY `fk_rentals_movie1_idx` (`id_movie`),
  CONSTRAINT `fk_rentals_clients1` FOREIGN KEY (`id_client`) REFERENCES `client` (`id_client`),
  CONSTRAINT `fk_rentals_employee1` FOREIGN KEY (`id_employee`) REFERENCES `employee` (`id_employee`),
  CONSTRAINT `fk_rentals_movie1` FOREIGN KEY (`id_movie`) REFERENCES `movie` (`id_movie`)
) ENGINE=InnoDB DEFAULT CHARSET=utf8;
/*!40101 SET character_set_client = @saved_cs_client */;

--
-- Dumping data for table `rentals`
--

LOCK TABLES `rentals` WRITE;
/*!40000 ALTER TABLE `rentals` DISABLE KEYS */;
/*!40000 ALTER TABLE `rentals` ENABLE KEYS */;
UNLOCK TABLES;
/*!40103 SET TIME_ZONE=@OLD_TIME_ZONE */;

/*!40101 SET SQL_MODE=@OLD_SQL_MODE */;
/*!40014 SET FOREIGN_KEY_CHECKS=@OLD_FOREIGN_KEY_CHECKS */;
/*!40014 SET UNIQUE_CHECKS=@OLD_UNIQUE_CHECKS */;
/*!40101 SET CHARACTER_SET_CLIENT=@OLD_CHARACTER_SET_CLIENT */;
/*!40101 SET CHARACTER_SET_RESULTS=@OLD_CHARACTER_SET_RESULTS */;
/*!40101 SET COLLATION_CONNECTION=@OLD_COLLATION_CONNECTION */;
/*!40111 SET SQL_NOTES=@OLD_SQL_NOTES */;

-- Dump completed on 2018-12-31  3:27:05
